2014-03-21T10:51:50.000000Z, 2.30, 40.75, 25.61, 8.4, 38.02, 40.80, 25.66, 10.00, 2.02, .99, 40.77, 25.59, 10.00, 2.10, .99
2014-03-21T10:56:06.000000Z, 2.50, 40.76, 25.60, 5.3, 44.49, 40.78, 25.73, 10.00, 2.25, .99, 40.76, 25.66, 9.24, 2.32, .99
2014-03-27T12:22:00.000000Z, 2.30, 40.36, 26.08, 20.0, 29.81, 40.32, 26.05, 22.62, 2.34, .99, 40.37, 26.13, 10.00, 2.29, .99
2014-03-27T17:53:40.000000Z, 2.60, 41.01, 28.34, 7.4, 30.28, 40.33, 26.73, 5.00, 3.59, .99, 41.04, 28.34, 7.84, 2.50, .99
2014-03-27T18:20:08.000000Z, 2.90, 41.01, 28.34, 6.7, 32.22, 41.00, 28.25, 5.00, 3.43, .99, 41.04, 28.34, 15.92, 3.14, .99
2014-03-27T18:22:41.000000Z, 2.30, 41.00, 28.33, 12.4, 39.25, 41.03, 28.38, 9.71, 2.38, .99, 41.01, 28.37, 5.00, 2.32, .99
2014-03-27T18:47:26.000000Z, 2.70, 41.00, 28.33, 10.5, 24.95, 40.27, 27.37, 196.69, 3.57, .99, 40.99, 28.35, 11.07, 2.84, .99
2014-03-28T00:56:26.000000Z, 2.20, 41.02, 28.36, 17.6, 28.63, 41.03, 28.33, 19.01, 2.29, .80, 41.02, 28.38, 5.00, 2.09, .99
2014-03-28T20:36:28.000000Z, 2.30, 41.01, 28.34, 14.1, 28.53, 41.04, 28.31, 26.66, 2.51, .99, 41.03, 28.34, 5.75, 2.24, .99
2014-03-30T03:34:55.000000Z, 2.30, 41.23, 25.57, 5.6, 42.00, 41.14, 25.35, 10.00, 2.11, .40, 41.16, 25.36, 10.00, 2.31, .99
2014-03-30T21:06:50.000000Z, 2.30, 40.14, 28.87, 5.8, 25.47, 40.09, 28.84, 32.69, 2.03, .99, 40.13, 28.90, 5.00, 2.11, .99
2014-04-02T09:34:48.000000Z, 2.90, 40.43, 28.99, 11.7, 24.63, 40.43, 29.01, 10.42, 2.56, .99, 40.42, 29.01, 5.00, 2.81, .99
2014-04-07T01:25:45.000000Z, 2.50, 40.86, 28.71, 20.6, 22.04, 40.92, 28.76, 97.35, 2.97, .99, 40.84, 28.73, 7.91, 3.15, .99
2014-04-07T09:51:02.000000Z, 2.10, 41.11, 28.89, 3.6, 17.24, 41.10, 28.86, 31.30, 2.64, .40, 41.13, 28.89, 5.00, 2.24, .99
2014-04-07T12:55:38.000000Z, 2.50, 40.28, 25.69, 2.8, 39.30, 40.29, 25.81, 21.47, 2.16, .99, 40.31, 25.81, 15.02, 2.28, .99
2014-04-09T10:17:06.000000Z, 2.00, 40.61, 26.58, 8.0, 34.81, 41.12, 27.01, 41.06, 3.10, .99, 40.61, 26.56, 5.00, 2.15, .99
2014-04-10T14:51:38.000000Z, 3.00, 40.28, 25.76, 5.4, 30.12, 40.67, 28.67, 10.00, 2.24, .99, 40.67, 28.69, 10.00, 2.66, .99
2014-04-10T14:57:18.000000Z, 2.80, 40.28, 25.76, 7.5, 29.18, 40.27, 25.71, 10.00, 2.25, .40, 40.27, 25.65, 5.00, 2.44, .99
2014-04-11T07:23:06.000000Z, 2.50, 40.28, 25.75, 12.4, 35.89, 40.28, 25.62, 15.63, 2.28, .99, 40.26, 25.72, 10.00, 2.31, .99
2014-04-11T12:59:53.000000Z, 3.00, 40.80, 27.51, 13.3, 30.00, 40.76, 28.76, 10.00, 3.57, .99, 40.81, 27.50, 8.15, 2.71, .99
2014-04-13T17:12:39.000000Z, 2.50, 40.40, 28.65, 8.0, 35.90, 40.12, 27.00, 10.00, 3.81, .99, 40.41, 28.68, 5.00, 2.40, .99
2014-04-17T09:55:27.000000Z, 3.20, 40.82, 27.76, 11.1, 32.79, 40.78, 27.76, 10.00, 2.93, .99, 40.80, 27.76, 6.34, 2.91, .99
2014-04-19T16:12:23.000000Z, 2.50, 40.36, 26.18, 15.9, 38.84, 40.36, 26.12, 10.00, 2.15, .99, 40.36, 26.13, 7.70, 2.28, .99
2014-04-22T15:22:39.000000Z, 2.50, 40.46, 26.46, 6.8, 29.71, 40.46, 26.48, 13.48, 2.57, .99, 40.45, 26.44, 5.00, 2.51, .99
2014-04-22T18:41:41.000000Z, 3.50, 40.45, 26.46, 9.4, 33.95, 40.48, 26.47, 6.41, 3.53, .99, 40.43, 26.43, 10.00, 3.43, .99
2014-04-27T07:13:56.000000Z, 3.10, 40.77, 27.36, 8.6, 32.27, 40.75, 27.35, 5.00, 3.02, .99, 40.77, 27.34, 10.00, 2.83, .99
2014-04-27T07:34:31.000000Z, 2.40, 40.42, 26.24, 12.8, 29.69, 40.73, 27.94, 10.00, 3.22, .99, 40.37, 26.22, 5.00, 2.36, .99
2014-04-29T03:03:18.000000Z, 2.20, 40.20, 27.53, 13.3, 31.98, 40.75, 28.43, 10.00, 2.51, .99, 40.20, 27.47, 10.00, 2.10, .99
2014-05-04T03:15:30.000000Z, 2.50, 40.20, 25.19, 8.8, 43.98, 40.20, 25.19, 10.00, 2.15, .99, 40.17, 25.17, 10.00, 2.41, .99
2014-05-04T12:45:54.000000Z, 2.70, 40.77, 27.37, 7.3, 35.25, 40.53, 28.70, 211.97, 2.92, .99, 40.72, 27.31, 10.00, 2.52, .99
2014-05-07T22:53:29.000000Z, 2.70, 40.71, 29.08, 11.9, 22.95, 40.71, 29.05, 16.81, 2.28, .99, 40.72, 29.07, 5.00, 2.49, .99
2014-05-08T08:58:14.000000Z, 2.50, 40.44, 28.75, 5.0, 23.80, 40.44, 28.80, 5.00, 2.32, .99, 40.43, 28.79, 5.00, 2.36, .99
2014-05-11T05:07:00.000000Z, 3.60, 40.67, 27.04, 11.0, 27.00, 40.68, 27.07, 17.00, 3.19, .99, 40.66, 27.03, 8.83, 3.51, .99
2014-05-13T22:17:09.000000Z, 2.80, 40.79, 27.96, 13.7, 33.18, 40.80, 27.96, 5.42, 2.47, .99, 40.81, 27.95, 7.54, 2.73, .99
2014-05-14T09:18:37.000000Z, 2.80, 40.38, 25.87, 8.0, 40.56, 40.39, 25.86, 5.00, 2.38, .99, 40.39, 25.79, 5.00, 2.53, .99
2014-05-14T13:59:24.000000Z, 2.10, 40.01, 28.08, 6.8, 38.96, 40.17, 27.57, 10.00, 2.54, .99, 40.06, 28.04, 10.00, 2.25, .99
2014-05-19T06:27:21.000000Z, 2.60, 40.38, 26.00, 13.1, 31.21, 40.41, 25.87, 10.00, 2.29, .99, 40.40, 25.92, 10.00, 2.60, .99
2014-05-24T09:25:01.000000Z, 6.80, 40.30, 25.46, 21.2, 36.23, 40.29, 25.42, 10.00, 6.16, .99, 40.29, 25.40, 10.00, 6.55, .99
2014-05-24T09:33:48.000000Z, 4.00, 40.42, 26.17, 7.6, 51.47, 40.20, 26.08, 10.00, 3.90, .40, 40.28, 26.18, 10.00, 4.09, .99
2014-05-24T09:54:59.000000Z, 3.70, 40.35, 25.94, 3.6, 41.36, 40.33, 25.86, 10.00, 3.32, .99, 40.33, 26.04, 10.00, 3.66, .99
2014-05-24T10:05:17.000000Z, 3.60, 40.43, 26.25, 7.3, 39.62, 40.42, 26.24, 10.00, 3.30, .99, 40.46, 26.24, 10.00, 3.43, .99
2014-05-24T10:11:40.000000Z, 4.30, 40.40, 26.15, 9.4, 27.11, 40.51, 28.00, 220.71, 4.47, .99, 40.40, 26.14, 10.00, 4.23, .99
2014-05-24T10:35:01.000000Z, 4.20, 40.43, 26.14, 4.9, 22.07, 40.38, 26.14, 10.00, 2.94, .99, 40.40, 26.13, 10.00, 3.89, .99
2014-05-24T10:49:29.000000Z, 2.80, 40.40, 26.13, 6.4, 35.49, 40.41, 26.15, 10.00, 2.66, .99, 40.40, 26.15, 10.00, 2.72, .99
2014-05-24T10:59:15.000000Z, 3.30, 40.39, 26.16, 5.5, 51.23, 40.44, 26.28, 10.00, 3.18, .99, 40.44, 25.82, 10.00, 3.31, .99
2014-05-24T11:09:14.000000Z, 2.90, 40.41, 26.17, 7.0, 50.30, 40.44, 26.33, 10.00, 2.69, .99, 40.44, 26.33, 10.00, 2.82, .99
2014-05-24T11:17:42.000000Z, 3.20, 40.41, 26.10, 5.4, 34.95, 40.42, 26.08, 10.00, 2.72, .99, 40.43, 26.04, 5.00, 3.14, .99
2014-05-24T11:33:07.000000Z, 4.70, 40.29, 25.61, 5.4, 37.66, 40.30, 25.67, 10.00, 4.36, .99, 40.28, 25.63, 10.00, 4.62, .99
2014-05-24T11:49:42.000000Z, 2.70, 40.49, 26.41, 16.0, 42.33, 40.51, 26.42, 10.93, 2.61, .99, 40.51, 26.42, 10.93, 2.61, .99
2014-05-24T11:56:35.000000Z, 3.30, 40.24, 25.40, 8.4, 46.36, 40.26, 25.40, 10.00, 3.05, .99, 40.26, 25.38, 10.00, 3.09, .99
2014-05-24T12:00:16.000000Z, 3.70, 40.29, 25.64, 4.4, 36.04, 40.31, 25.69, 10.00, 3.04, .99, 40.27, 25.68, 10.00, 3.50, .99
2014-05-24T12:45:59.000000Z, 4.10, 40.24, 25.18, 14.5, 38.14, 40.27, 25.19, 10.00, 4.02, .99, 40.23, 25.20, 10.00, 3.95, .99
2014-05-24T12:50:03.000000Z, 2.90, 40.39, 26.14, 2.0, 60.08, 40.43, 26.14, 10.00, 2.55, .99, 40.44, 26.11, 10.00, 2.67, .99
2014-05-24T13:05:57.000000Z, 3.20, 40.39, 26.14, 6.4, 38.22, 40.36, 26.21, 10.00, 3.10, .99, 40.35, 26.18, 10.00, 3.33, .99
2014-05-24T13:30:26.000000Z, 2.90, 40.40, 25.95, 6.2, 61.20, 40.31, 25.76, 10.00, 2.96, .99, 40.30, 25.76, 10.00, 3.00, .99
2014-05-24T13:48:11.000000Z, 3.30, 40.43, 26.13, 8.8, 35.00, 40.45, 26.21, 8.28, 3.02, .99, 40.41, 26.15, 5.00, 3.26, .99
2014-05-24T14:23:41.000000Z, 2.90, 40.42, 26.14, 8.4, 41.11, 40.44, 26.15, 10.18, 2.63, .99, 40.44, 26.11, 10.00, 2.94, .99
2014-05-24T14:27:10.000000Z, 2.70, 40.41, 26.12, 13.6, 43.82, 40.36, 26.25, 13.58, 2.27, .99, 40.44, 26.16, 10.00, 2.66, .99
2014-05-24T14:49:14.000000Z, 4.60, 40.40, 25.95, 5.6, 44.82, 40.39, 26.01, 10.00, 4.12, .99, 40.41, 25.92, 5.00, 4.53, .99
2014-05-24T15:01:32.000000Z, 3.90, 40.38, 26.14, 9.4, 36.27, 40.39, 26.09, 13.62, 3.46, .99, 40.38, 26.10, 10.00, 3.89, .99
2014-05-24T15:17:44.000000Z, 2.50, 40.41, 26.20, 13.4, 57.46, 40.42, 26.10, 10.00, 2.58, .99, 40.42, 26.10, 10.00, 2.58, .99
2014-05-24T15:49:00.000000Z, 2.60, 40.38, 26.07, 10.1, 71.07, 40.42, 26.00, 10.00, 2.33, .99, 40.42, 26.00, 10.00, 2.38, .99
2014-05-24T15:53:41.000000Z, 3.10, 40.33, 25.75, 7.8, 76.68, 40.18, 25.86, 10.00, 2.91, .99, 40.18, 25.86, 10.00, 3.03, .99
2014-05-24T16:09:48.000000Z, 3.70, 40.39, 26.11, 8.3, 35.94, 41.48, 25.88, 229.01, 4.14, .99, 40.39, 26.08, 5.76, 3.65, .99
2014-05-24T16:12:55.000000Z, 3.30, 40.40, 26.02, 16.0, 42.10, 40.41, 25.99, 10.00, 2.89, .99, 40.37, 26.00, 10.00, 3.12, .99
2014-05-24T16:26:48.000000Z, 2.90, 40.41, 26.15, 9.4, 41.22, 40.28, 27.15, 10.00, 3.02, .99, 40.39, 26.14, 5.00, 2.85, .99
2014-05-24T16:34:51.000000Z, 4.00, 40.29, 25.63, 5.4, 48.22, 40.28, 25.64, 10.00, 3.47, .99, 40.26, 25.65, 10.00, 3.66, .99
2014-05-24T16:46:31.000000Z, 2.90, 40.42, 26.10, 9.5, 46.49, 40.41, 26.08, 10.00, 2.20, .99, 40.39, 26.07, 5.00, 2.69, .99
2014-05-24T17:07:05.000000Z, 3.00, 40.42, 26.08, 13.3, 31.10, 40.40, 26.08, 15.14, 2.54, .99, 40.48, 25.94, 12.35, 2.68, .99
2014-05-24T17:19:55.000000Z, 2.50, 40.21, 25.24, 5.4, 41.43, 40.18, 25.24, 10.00, 2.21, .99, 40.17, 25.24, 10.00, 2.28, .99
2014-05-24T17:56:15.000000Z, 2.60, 40.34, 25.74, 7.3, 43.20, 40.31, 25.69, 10.00, 2.56, .99, 40.30, 25.60, 10.00, 2.66, .99
2014-05-24T17:59:03.000000Z, 2.80, 40.33, 25.73, 5.3, 38.58, 40.30, 25.83, 10.00, 2.43, .99, 40.26, 25.84, 10.00, 2.56, .99
2014-05-24T18:07:47.000000Z, 2.60, 40.39, 26.13, 9.3, 46.48, 40.42, 26.07, 10.00, 2.54, .99, 40.41, 26.01, 10.00, 2.67, .99
2014-05-24T18:22:53.000000Z, 2.80, 40.38, 26.04, 11.8, 36.96, 40.42, 25.98, 10.00, 2.63, .99, 40.41, 26.01, 10.00, 2.79, .99
2014-05-24T18:51:40.000000Z, 2.70, 40.22, 25.23, 7.6, 68.24, 40.15, 25.17, 10.00, 2.29, .99, 40.16, 25.09, 10.00, 2.45, .99
2014-05-24T19:31:15.000000Z, 2.90, 40.42, 26.19, 12.7, 39.93, 40.44, 26.21, 5.00, 2.56, .99, 40.46, 26.27, 10.00, 2.76, .99
2014-05-24T19:39:44.000000Z, 2.60, 40.40, 26.06, 11.9, 35.86, 40.41, 26.05, 10.00, 2.24, .99, 40.40, 26.00, 10.00, 2.47, .99
2014-05-24T19:46:20.000000Z, 2.70, 40.32, 26.04, 10.4, 33.38, 40.32, 26.03, 8.93, 2.49, .99, 40.37, 25.92, 10.00, 2.66, .99
2014-05-24T20:25:35.000000Z, 3.10, 40.43, 26.06, 12.4, 26.86, 40.22, 28.03, 10.00, 2.41, .99, 40.53, 25.71, 10.00, 3.00, .99
2014-05-24T20:28:01.000000Z, 2.90, 40.38, 25.90, 7.9, 49.67, 40.53, 26.24, 19.61, 2.78, .99, 40.30, 25.83, 10.00, 3.17, .99
2014-05-24T20:40:55.000000Z, 2.30, 40.41, 26.17, 13.9, 35.05, 40.41, 26.18, 10.00, 2.24, .99, 40.47, 26.15, 10.00, 2.37, .99
2014-05-24T21:02:00.000000Z, 3.10, 40.38, 26.13, 15.3, 32.42, 40.38, 26.10, 11.98, 2.71, .99, 40.38, 26.10, 5.00, 2.96, .99
2014-05-24T21:40:28.000000Z, 2.90, 40.39, 26.17, 11.7, 30.85, 40.39, 26.15, 10.00, 2.12, .99, 40.39, 26.11, 10.00, 2.46, .99
2014-05-24T22:00:09.000000Z, 2.90, 40.35, 25.88, 10.8, 31.60, 40.34, 25.93, 10.00, 2.63, .99, 40.33, 25.86, 10.00, 2.78, .99
2014-05-24T23:00:35.000000Z, 4.30, 40.41, 25.93, 12.0, 39.11, 40.40, 25.97, 10.00, 3.57, .99, 40.40, 25.93, 5.05, 4.07, .99
2014-05-24T23:24:06.000000Z, 3.50, 40.27, 25.17, 18.1, 39.93, 40.24, 25.16, 10.00, 3.13, .99, 40.20, 25.19, 10.00, 3.23, .99
2014-05-24T23:34:06.000000Z, 2.60, 40.39, 26.14, 12.5, 30.68, 40.39, 26.10, 12.59, 2.06, .99, 40.39, 26.10, 5.00, 2.39, .99
2014-05-25T00:20:40.000000Z, 2.30, 40.37, 25.79, 12.7, 65.79, 40.34, 25.79, 10.00, 2.14, .99, 40.28, 25.62, 10.00, 2.20, .99
2014-05-25T00:32:23.000000Z, 2.80, 40.40, 26.05, 15.2, 28.51, 40.41, 26.02, 11.81, 2.29, .99, 40.37, 26.00, 10.00, 2.59, .99
2014-05-25T01:01:11.000000Z, 2.50, 40.37, 25.81, 16.1, 34.11, 40.37, 25.74, 10.00, 2.09, .99, 40.35, 25.83, 10.00, 2.18, .99
2014-05-25T01:07:33.000000Z, 2.50, 40.40, 26.15, 10.7, 40.95, 40.40, 26.10, 10.00, 2.30, .99, 40.39, 26.10, 10.00, 2.53, .99
2014-05-25T01:12:41.000000Z, 3.10, 40.40, 25.93, 7.6, 30.92, 40.41, 25.92, 9.93, 2.53, .99, 40.37, 25.97, 5.00, 2.86, .99
2014-05-25T01:33:46.000000Z, 2.50, 40.16, 25.04, 13.4, 41.32, 40.19, 25.02, 10.00, 2.31, .99, 40.19, 25.02, 10.00, 2.41, .99
2014-05-25T01:50:54.000000Z, 3.50, 40.40, 25.92, 8.2, 39.92, 40.54, 26.06, 10.00, 2.86, .40, 40.34, 25.91, 10.00, 3.30, .99
2014-05-25T01:56:02.000000Z, 2.40, 40.37, 25.91, 8.8, 37.47, 40.38, 25.82, 10.00, 2.26, .99, 40.38, 25.86, 10.00, 2.37, .99
2014-05-25T02:34:16.000000Z, 3.60, 40.38, 25.90, 7.3, 39.45, 40.38, 25.85, 10.00, 2.96, .99, 40.37, 25.84, 5.00, 3.48, .99
2014-05-25T02:55:07.000000Z, 3.10, 40.30, 26.25, 8.2, 35.52, 40.31, 26.23, 10.00, 2.66, .99, 40.29, 26.22, 10.00, 2.93, .99
2014-05-25T03:02:33.000000Z, 2.80, 40.35, 25.69, 8.0, 39.30, 40.20, 25.62, 10.00, 2.50, .99, 40.24, 25.55, 10.00, 2.80, .99
2014-05-25T03:04:23.000000Z, 3.00, 40.43, 26.26, 14.4, 35.53, 40.43, 26.26, 10.00, 2.97, .99, 40.44, 26.27, 10.00, 3.10, .99
2014-05-25T03:21:38.000000Z, 3.10, 40.42, 26.16, 14.0, 56.86, 40.41, 26.15, 5.00, 3.23, .99, 40.40, 26.13, 5.00, 2.94, .99
2014-05-25T03:25:19.000000Z, 2.50, 40.42, 26.16, 13.7, 43.07, 40.40, 26.17, 10.00, 2.28, .99, 40.42, 26.11, 5.00, 2.33, .99
2014-05-25T03:31:32.000000Z, 2.80, 40.39, 25.95, 6.8, 36.98, 40.42, 25.87, 15.50, 2.39, .99, 40.40, 26.05, 10.00, 2.54, .99
2014-05-25T04:14:50.000000Z, 2.80, 40.43, 26.27, 12.6, 34.04, 40.42, 26.26, 10.00, 2.36, .99, 40.37, 26.38, 15.08, 2.43, .99
2014-05-25T04:21:18.000000Z, 2.70, 40.38, 26.13, 9.5, 35.21, 40.79, 27.34, 750.00, 2.71, .99, 40.37, 26.14, 10.00, 2.59, .99
2014-05-25T05:04:36.000000Z, 3.40, 40.42, 26.07, 11.1, 39.46, 40.36, 26.16, 45.50, 2.68, .99, 40.41, 26.06, 5.00, 3.36, .99
2014-05-25T05:20:21.000000Z, 3.10, 40.41, 26.07, 9.1, 34.44, 40.42, 26.07, 10.00, 2.61, .99, 40.39, 26.07, 5.00, 2.94, .99
2014-05-25T05:44:22.000000Z, 3.90, 40.42, 26.07, 11.8, 29.79, 40.42, 26.06, 14.42, 3.33, .99, 40.41, 26.03, 5.00, 3.64, .99
2014-05-25T05:58:44.000000Z, 3.20, 40.19, 25.48, 12.5, 40.99, 40.22, 25.71, 10.00, 2.53, .99, 40.15, 25.65, 10.00, 2.99, .99
2014-05-25T06:11:50.000000Z, 2.80, 40.42, 25.94, 16.3, 41.13, 40.45, 25.91, 10.00, 2.57, .99, 40.44, 25.87, 10.00, 2.81, .99
2014-05-25T06:14:23.000000Z, 2.90, 40.34, 25.83, 12.5, 49.04, 40.33, 25.90, 10.00, 2.62, .99, 40.31, 25.88, 10.00, 2.85, .99
2014-05-25T06:27:30.000000Z, 2.80, 40.39, 26.13, 14.0, 34.70, 40.36, 26.03, 10.00, 2.57, .99, 40.38, 26.03, 5.00, 2.77, .99
2014-05-25T06:54:28.000000Z, 2.90, 40.16, 25.05, 18.6, 36.16, 40.13, 25.03, 10.00, 2.55, .99, 40.14, 25.04, 10.00, 2.72, .99
2014-05-25T07:03:40.000000Z, 2.90, 40.41, 26.16, 20.5, 51.65, 40.45, 26.32, 10.00, 2.48, .99, 40.50, 26.12, 10.00, 2.83, .99
2014-05-25T07:45:04.000000Z, 2.50, 40.38, 26.14, 20.5, 35.31, 40.37, 26.12, 10.00, 2.26, .99, 40.37, 26.11, 10.00, 2.37, .99
2014-05-25T07:53:15.000000Z, 2.00, 40.43, 26.18, 21.8, 74.26, 40.28, 26.12, 10.00, 2.09, .99, 40.28, 26.12, 10.00, 2.05, .99
2014-05-25T08:13:41.000000Z, 2.50, 40.39, 26.14, 16.2, 40.14, 40.39, 26.09, 10.00, 2.05, .99, 40.42, 26.09, 10.00, 2.43, .99
2014-05-25T08:27:48.000000Z, 2.80, 40.36, 26.16, 18.4, 35.24, 41.15, 26.06, 162.21, 3.05, .99, 40.37, 26.09, 5.00, 2.72, .99
2014-05-25T09:20:33.000000Z, 2.50, 40.22, 25.29, 20.5, 52.92, 40.20, 25.29, 10.00, 2.18, .99, 40.18, 25.28, 10.00, 2.43, .99
2014-05-25T10:50:04.000000Z, 2.00, 40.38, 25.96, 21.7, 40.77, 40.50, 25.54, 10.00, 2.44, .99, 40.54, 25.54, 10.00, 2.37, .99
2014-05-25T11:38:38.000000Z, 4.90, 40.42, 26.15, 13.0, 29.35, 40.43, 26.15, 16.62, 4.71, .99, 40.42, 26.15, 7.40, 5.06, .99
2014-05-25T11:47:55.000000Z, 4.50, 40.41, 26.09, 6.8, 28.47, 40.43, 26.16, 13.91, 4.07, .99, 40.40, 26.13, 10.00, 4.30, .99
2014-05-25T12:19:28.000000Z, 2.30, 40.42, 26.16, 14.8, 43.26, 40.42, 26.14, 10.00, 2.06, .99, 40.43, 26.15, 10.00, 2.26, .99
2014-05-25T12:26:25.000000Z, 2.20, 40.39, 26.14, 21.1, 61.37, 40.42, 26.16, 10.00, 2.04, .99, 40.42, 26.16, 10.00, 2.05, .99
2014-05-25T12:39:41.000000Z, 2.50, 40.38, 25.90, 21.1, 33.40, 40.40, 25.42, 34.91, 2.42, .99, 40.36, 25.43, 15.59, 2.52, .99
2014-05-25T14:55:07.000000Z, 3.90, 40.25, 25.25, 13.2, 39.33, 40.26, 25.22, 10.00, 3.69, .99, 40.22, 25.20, 10.00, 3.61, .99
2014-05-25T16:02:09.000000Z, 2.40, 40.26, 25.25, 11.6, 65.85, 40.41, 26.91, 10.00, 2.14, .99, 40.41, 26.91, 10.00, 2.18, .99
2014-05-25T16:35:20.000000Z, 2.40, 40.90, 27.58, 12.2, 30.69, 40.92, 27.55, 10.00, 2.33, .99, 40.92, 27.52, 5.00, 2.31, .99
2014-05-25T17:13:13.000000Z, 2.70, 40.39, 26.15, 12.4, 32.92, 40.30, 26.25, 110.32, 2.06, .99, 40.37, 26.13, 5.00, 2.42, .99
2014-05-25T17:34:01.000000Z, 2.50, 40.40, 26.08, 12.1, 31.10, 40.53, 25.75, 57.76, 2.43, .99, 40.49, 25.63, 10.00, 2.54, .99
2014-05-25T19:48:29.000000Z, 2.80, 40.42, 26.16, 18.9, 36.23, 40.42, 26.14, 10.89, 2.52, .99, 40.42, 26.12, 10.00, 2.67, .99
2014-05-25T20:17:08.000000Z, 2.30, 40.48, 25.89, 9.3, 42.76, 40.48, 25.85, 5.00, 2.13, .99, 40.47, 25.96, 5.00, 2.19, .99
2014-05-25T20:22:16.000000Z, 2.60, 40.26, 25.17, 17.8, 45.91, 40.19, 25.14, 10.00, 2.32, .99, 40.22, 25.13, 10.00, 2.37, .99
2014-05-25T20:40:23.000000Z, 2.60, 40.39, 26.14, 21.9, 34.63, 40.39, 26.12, 9.77, 2.31, .99, 40.39, 26.12, 10.00, 2.50, .99
2014-05-25T22:13:02.000000Z, 2.50, 40.47, 25.89, 7.9, 35.36, 40.50, 25.78, 11.14, 2.17, .99, 40.45, 25.86, 10.00, 2.46, .99
2014-05-25T22:41:41.000000Z, 3.20, 40.38, 26.12, 10.9, 30.51, 40.39, 26.11, 14.18, 2.75, .99, 40.38, 26.11, 10.00, 3.09, .99
2014-05-26T00:24:40.000000Z, 2.10, 40.42, 26.12, 7.9, 48.19, 40.99, 25.51, 5.00, 2.26, .99, 40.94, 25.62, 5.00, 2.25, .99
2014-05-26T01:20:33.000000Z, 2.40, 40.18, 25.07, 12.7, 41.75, 40.20, 25.10, 21.63, 2.03, .99, 40.11, 25.05, 10.00, 2.24, .99
2014-05-26T02:09:09.000000Z, 2.10, 40.26, 25.48, 11.0, 51.58, 40.14, 25.38, 10.00, 2.33, .99, 40.18, 25.25, 10.00, 2.17, .99
2014-05-26T03:15:52.000000Z, 2.30, 40.46, 26.38, 13.1, 34.09, 40.46, 26.38, 11.28, 2.25, .99, 40.46, 26.34, 10.00, 2.30, .99
2014-05-26T03:29:04.000000Z, 2.00, 40.39, 25.99, 15.4, 41.12, 40.80, 25.18, 19.39, 2.28, .99, 40.39, 25.99, 10.00, 2.05, .99
2014-05-26T03:45:56.000000Z, 2.20, 40.70, 29.30, 7.8, 22.16, 40.62, 29.28, 5.00, 2.45, .40, 40.63, 29.30, 5.00, 2.65, .40
2014-05-26T04:08:19.000000Z, 3.40, 40.39, 26.12, 12.8, 30.09, 40.38, 26.11, 14.68, 3.05, .99, 40.38, 26.07, 10.00, 3.33, .99
2014-05-26T04:13:04.000000Z, 3.20, 40.43, 26.09, 12.8, 35.37, 40.41, 26.07, 10.00, 2.78, .99, 40.40, 26.06, 10.00, 2.93, .99
2014-05-26T05:10:28.000000Z, 2.70, 40.35, 25.80, 24.9, 37.53, 40.36, 25.73, 10.00, 2.27, .99, 40.34, 25.84, 10.00, 2.54, .99
2014-05-26T05:56:04.000000Z, 2.40, 40.15, 25.10, 11.9, 40.79, 40.26, 25.11, 10.00, 2.07, .99, 40.19, 25.10, 10.00, 2.23, .99
2014-05-26T07:17:49.000000Z, 3.60, 40.28, 25.51, 12.6, 37.39, 40.32, 25.51, 10.00, 3.06, .99, 40.24, 25.50, 10.00, 3.21, .99
2014-05-26T08:38:55.000000Z, 2.40, 40.38, 26.14, 9.1, 34.49, 40.40, 26.10, 16.58, 2.02, .99, 40.37, 26.09, 10.00, 2.34, .99
2014-05-26T09:32:54.000000Z, 2.60, 40.18, 25.13, 7.9, 43.88, 40.20, 25.12, 10.00, 2.37, .99, 40.18, 25.13, 10.00, 2.36, .99
2014-05-26T10:12:55.000000Z, 3.40, 40.35, 25.92, 13.5, 35.12, 40.35, 25.85, 10.00, 2.89, .99, 40.34, 25.86, 10.00, 3.19, .99
2014-05-26T10:22:54.000000Z, 3.00, 40.40, 25.91, 22.4, 32.73, 40.42, 25.87, 14.76, 2.53, .99, 40.38, 25.94, 5.00, 2.62, .99
2014-05-26T13:40:50.000000Z, 2.60, 40.32, 25.74, 20.6, 42.10, 40.33, 25.75, 10.00, 2.21, .99, 40.32, 25.72, 10.00, 2.46, .99
2014-05-26T18:05:11.000000Z, 2.80, 40.37, 25.92, 10.4, 41.97, 40.28, 25.73, 14.38, 2.30, .99, 40.28, 25.86, 10.00, 2.49, .99
2014-05-26T18:08:11.000000Z, 2.70, 40.24, 25.17, 18.5, 54.98, 40.22, 25.18, 10.00, 2.79, .99, 40.21, 25.17, 10.00, 2.71, .99
2014-05-26T18:16:28.000000Z, 2.10, 40.34, 25.79, 12.3, 58.14, 40.33, 25.76, 10.00, 2.09, .99, 40.33, 25.76, 10.00, 2.10, .99
2014-05-26T18:54:16.000000Z, 3.50, 40.40, 25.89, 12.8, 33.83, 40.42, 25.86, 13.44, 3.05, .99, 40.40, 25.90, 5.00, 3.41, .99
2014-05-26T19:28:35.000000Z, 3.40, 40.39, 25.96, 13.6, 31.47, 40.57, 25.15, 22.86, 3.28, .99, 40.39, 25.89, 10.00, 3.04, .99
2014-05-26T21:06:07.000000Z, 3.50, 40.29, 25.54, 15.6, 37.86, 40.29, 25.52, 10.00, 3.21, .99, 40.24, 25.56, 10.00, 3.42, .99
2014-05-26T21:28:38.000000Z, 4.20, 40.26, 25.19, 14.9, 36.52, 40.25, 25.18, 10.00, 3.49, .99, 40.25, 25.19, 10.00, 3.99, .99
2014-05-26T23:41:59.000000Z, 2.50, 40.78, 27.46, 14.6, 30.69, 40.78, 27.44, 5.00, 2.31, .99, 40.80, 27.43, 5.00, 2.27, .99
2014-05-27T03:04:19.000000Z, 2.40, 40.40, 26.13, 13.4, 32.03, 40.25, 27.80, 10.00, 2.84, .99, 40.39, 26.11, 10.00, 2.30, .99
2014-05-27T05:54:24.000000Z, 2.90, 40.27, 25.52, 7.2, 36.75, 40.36, 25.74, 32.82, 2.25, .99, 40.30, 25.61, 10.00, 2.60, .99
2014-05-27T06:16:58.000000Z, 2.70, 40.42, 26.14, 8.2, 30.62, 40.66, 25.80, 10.00, 2.75, .99, 40.45, 26.06, 5.00, 2.72, .99
2014-05-27T07:03:10.000000Z, 2.60, 40.16, 25.08, 7.4, 56.93, 40.15, 25.04, 10.00, 2.35, .99, 40.14, 25.04, 10.00, 2.39, .99
2014-05-27T07:30:25.000000Z, 2.90, 40.47, 25.83, 6.1, 37.30, 40.47, 25.85, 10.00, 2.42, .99, 40.49, 25.85, 5.00, 2.83, .99
2014-05-27T08:11:11.000000Z, 3.20, 40.48, 25.84, 8.6, 33.07, 40.52, 25.59, 10.00, 2.84, .99, 40.44, 25.81, 10.00, 2.91, .99
2014-05-27T09:16:59.000000Z, 2.90, 40.46, 25.90, 9.8, 33.98, 40.48, 25.90, 30.30, 2.55, .99, 40.50, 25.87, 10.00, 2.69, .99
2014-05-27T09:22:59.000000Z, 2.70, 40.46, 25.91, 8.9, 47.96, 40.45, 25.86, 5.00, 2.34, .99, 40.46, 25.88, 6.64, 2.44, .99
2014-05-27T09:36:26.000000Z, 3.10, 40.47, 25.83, 8.0, 36.41, 40.46, 25.89, 10.00, 2.48, .99, 40.44, 25.86, 10.00, 2.65, .99
2014-05-27T13:03:29.000000Z, 2.80, 40.39, 26.08, 7.3, 39.85, 40.09, 26.02, 295.95, 2.50, .99, 40.38, 26.03, 5.00, 2.72, .99
2014-05-27T16:46:08.000000Z, 2.60, 40.32, 25.69, 12.7, 34.92, 40.31, 25.81, 10.00, 2.08, .99, 40.30, 25.79, 10.00, 2.14, .99
2014-05-27T18:17:52.000000Z, 2.60, 40.31, 26.28, 12.4, 54.25, 40.44, 26.36, 10.00, 2.29, .99, 40.44, 26.36, 10.00, 2.42, .99
2014-05-27T19:33:40.000000Z, 2.70, 40.39, 25.91, 6.8, 33.32, 40.42, 25.83, 12.28, 2.36, .99, 40.42, 25.90, 11.33, 2.51, .99
2014-05-27T20:57:34.000000Z, 2.40, 40.27, 25.39, 7.1, 48.20, 40.30, 25.40, 10.00, 2.12, .99, 40.24, 25.40, 10.00, 2.21, .99
2014-05-28T00:23:38.000000Z, 2.80, 40.20, 25.15, 5.5, 39.52, 40.20, 25.14, 10.00, 2.34, .99, 40.16, 25.13, 10.00, 2.53, .99
2014-05-28T02:51:13.000000Z, 2.60, 40.33, 25.78, 18.0, 33.23, 40.33, 25.78, 10.00, 2.13, .99, 40.30, 25.77, 10.00, 2.43, .99
2014-05-28T03:59:51.000000Z, 4.50, 40.42, 26.13, 13.2, 26.54, 40.42, 26.13, 13.64, 4.13, .99, 40.42, 26.10, 6.17, 4.46, .99
2014-05-28T07:10:35.000000Z, 3.00, 40.39, 26.14, 19.3, 32.21, 40.40, 26.11, 13.03, 2.51, .99, 40.37, 26.08, 10.00, 2.85, .99
2014-05-28T07:24:21.000000Z, 3.10, 40.31, 25.54, 20.4, 39.18, 40.29, 25.43, 10.00, 2.71, .99, 40.28, 25.50, 10.00, 2.83, .99
2014-05-28T10:31:47.000000Z, 3.70, 40.30, 25.49, 11.9, 40.37, 40.32, 25.50, 10.00, 3.17, .99, 40.29, 25.48, 10.00, 3.51, .99
2014-05-28T12:43:17.000000Z, 2.00, 40.44, 26.30, 14.1, 55.64, 40.81, 26.08, 14.21, 2.17, .99, 40.81, 26.08, 14.21, 2.19, .99
2014-05-28T14:42:03.000000Z, 3.30, 40.35, 25.79, 14.9, 39.38, 40.32, 25.76, 10.00, 2.88, .99, 40.34, 25.80, 10.00, 3.15, .99
2014-05-29T05:10:37.000000Z, 2.60, 40.41, 26.05, 11.6, 34.46, 40.56, 25.29, 67.59, 2.39, .99, 40.30, 25.23, 18.40, 2.76, .99
2014-05-29T12:30:41.000000Z, 2.80, 40.18, 25.16, 7.0, 44.37, 40.20, 25.19, 10.00, 2.40, .99, 40.17, 25.29, 10.00, 2.43, .99
2014-05-29T14:21:59.000000Z, 3.30, 40.38, 25.91, 9.0, 36.98, 40.37, 25.89, 10.00, 2.57, .40, 40.36, 25.81, 10.00, 3.16, .99
2014-05-29T23:38:56.000000Z, 2.30, 40.18, 25.05, 15.8, 74.93, 40.17, 25.30, 10.00, 2.26, .40, 40.17, 25.30, 10.00, 2.22, .40
2014-05-30T03:38:16.000000Z, 2.40, 40.35, 25.80, 10.1, 46.59, 40.36, 25.73, 10.00, 2.14, .99, 40.30, 25.80, 10.00, 2.10, .99
2014-05-30T03:57:44.000000Z, 2.20, 40.37, 25.92, 8.0, 33.87, 40.52, 25.07, 10.00, 2.41, .99, 40.42, 25.93, 10.00, 2.03, .40
2014-05-30T04:06:20.000000Z, 4.20, 40.19, 25.56, 13.3, 34.35, 40.68, 26.37, 5.00, 2.08, .40, 40.68, 26.37, 5.00, 3.77, .99
2014-05-30T04:13:11.000000Z, 3.00, 40.19, 25.55, 9.5, 36.30, 40.19, 25.56, 10.00, 2.24, .40, 40.17, 25.55, 10.00, 2.66, .99
2014-05-30T04:39:49.000000Z, 2.60, 40.18, 25.56, 7.5, 40.40, 40.16, 25.62, 10.00, 2.10, .40, 40.15, 25.68, 11.58, 2.32, .99
2014-05-30T04:55:02.000000Z, 2.80, 40.20, 25.06, 16.1, 40.67, 40.22, 25.04, 10.00, 2.61, .99, 40.21, 25.04, 10.00, 2.61, .99
2014-05-30T05:10:25.000000Z, 2.40, 40.17, 25.60, 9.7, 48.64, 40.08, 25.71, 5.00, 2.13, .99, 40.14, 25.81, 8.14, 2.11, .40
2014-05-30T05:21:25.000000Z, 3.70, 40.19, 25.55, 10.5, 37.62, 40.19, 25.57, 10.00, 3.21, .99, 40.14, 25.58, 10.00, 3.44, .99
2014-05-30T05:59:44.000000Z, 3.00, 40.17, 25.57, 8.6, 40.51, 40.16, 25.64, 10.00, 2.56, .99, 40.13, 25.58, 10.00, 2.77, .99
2014-05-30T06:24:08.000000Z, 3.10, 40.18, 25.07, 9.1, 39.71, 40.19, 25.08, 10.00, 2.85, .99, 40.21, 25.05, 10.00, 2.88, .99
2014-05-30T07:58:49.000000Z, 3.00, 40.18, 25.53, 7.1, 44.91, 40.20, 25.57, 10.00, 2.75, .99, 40.18, 25.54, 10.00, 2.90, .99
2014-05-30T09:42:54.000000Z, 2.90, 40.18, 25.16, 7.1, 36.75, 40.99, 25.50, 53.43, 2.89, .99, 40.17, 25.14, 10.00, 2.67, .99
2014-05-30T11:25:42.000000Z, 2.80, 40.20, 25.61, 4.1, 68.04, 40.17, 25.54, 10.00, 3.48, .99, 40.17, 25.54, 10.00, 3.68, .99
2014-05-30T12:51:44.000000Z, 2.40, 40.16, 25.20, 20.2, 47.86, 40.21, 25.16, 10.00, 2.51, .99, 40.22, 25.16, 10.00, 2.50, .99
2014-05-30T14:08:32.000000Z, 2.90, 40.29, 25.50, 8.4, 39.27, 40.29, 25.50, 10.00, 2.85, .99, 40.28, 25.55, 10.00, 2.81, .99
2014-05-30T14:25:49.000000Z, 3.00, 40.18, 25.53, 5.9, 36.38, 40.17, 25.64, 10.00, 2.51, .99, 40.17, 25.52, 10.00, 2.86, .99
2014-05-30T15:01:59.000000Z, 2.50, 40.13, 25.02, 6.2, 47.51, 40.16, 25.02, 10.00, 2.27, .99, 40.18, 25.02, 10.00, 2.18, .99
2014-05-30T17:14:32.000000Z, 2.30, 40.43, 26.35, 11.7, 38.92, 40.44, 26.34, 10.00, 2.14, .99, 40.44, 26.30, 10.00, 2.22, .99
2014-05-30T18:53:47.000000Z, 2.60, 40.19, 25.56, 9.8, 37.42, 41.13, 26.48, 5.00, 2.30, .99, 40.15, 25.52, 10.00, 2.37, .99
2014-05-30T18:57:33.000000Z, 2.40, 40.17, 25.56, 10.1, 39.82, 40.17, 25.58, 10.00, 2.19, .99, 40.12, 25.53, 10.00, 2.31, .99
2014-05-30T19:01:10.000000Z, 3.00, 40.18, 25.56, 9.1, 44.42, 40.18, 25.57, 10.00, 2.59, .99, 40.15, 25.60, 10.00, 2.81, .99
2014-05-30T20:42:11.000000Z, 2.30, 40.18, 25.56, 13.7, 52.38, 40.15, 25.53, 10.00, 2.04, .99, 40.14, 25.52, 10.00, 2.12, .99
2014-05-30T22:10:04.000000Z, 2.60, 40.36, 25.95, 11.3, 46.08, 40.36, 25.87, 10.00, 2.08, .99, 40.36, 25.89, 10.00, 2.37, .99
2014-05-31T02:30:08.000000Z, 2.60, 40.42, 26.08, 13.9, 39.46, 40.32, 26.17, 74.40, 2.37, .99, 40.41, 26.07, 5.00, 2.48, .99
2014-05-31T05:03:06.000000Z, 2.90, 40.18, 25.56, 10.9, 41.74, 40.11, 25.76, 10.00, 2.24, .99, 40.16, 25.58, 10.00, 2.70, .99
2014-05-31T05:56:59.000000Z, 2.20, 40.18, 25.11, 5.4, 63.84, 40.28, 25.28, 51.01, 2.08, .99, 40.28, 25.28, 51.01, 2.27, .99
2014-05-31T08:28:55.000000Z, 2.00, 40.27, 25.55, 23.0, 59.00, 40.06, 25.07, 10.00, 2.44, .99, 40.04, 25.04, 10.00, 2.43, .99
2014-05-31T09:12:17.000000Z, 2.30, 40.20, 25.14, 6.1, 66.65, 40.08, 25.07, 10.00, 2.24, .99, 40.08, 25.07, 10.00, 2.25, .99
2014-05-31T11:59:53.000000Z, 2.30, 40.80, 27.80, 20.3, 29.66, 41.03, 27.70, 91.39, 2.20, .99, 40.80, 27.78, 10.00, 2.15, .99
2014-05-31T12:44:26.000000Z, 2.30, 40.39, 26.17, 17.4, 30.12, 40.39, 26.16, 12.48, 2.04, .99, 40.39, 26.17, 5.00, 2.27, .99
2014-05-31T17:13:35.000000Z, 2.00, 40.23, 25.12, 25.1, 43.17, 40.16, 25.16, 10.00, 2.07, .99, 40.33, 25.23, 10.00, 2.05, .99
2014-05-31T21:48:45.000000Z, 2.70, 40.26, 25.38, 6.2, 44.16, 40.12, 25.44, 26.48, 2.41, .99, 40.22, 25.30, 10.00, 2.61, .99
2014-05-31T22:35:32.000000Z, 2.80, 40.37, 25.92, 16.4, 33.89, 40.38, 25.86, 12.50, 2.10, .99, 40.29, 25.20, 10.00, 2.94, .99
2014-06-01T03:51:13.000000Z, 2.40, 40.18, 25.07, 9.2, 46.00, 40.14, 25.05, 10.00, 2.16, .99, 40.07, 25.04, 10.00, 2.22, .99
2014-06-01T06:29:10.000000Z, 2.30, 40.36, 26.15, 1.7, 36.31, 40.35, 26.13, 6.71, 2.03, .99, 40.33, 26.17, 10.00, 2.18, .99
2014-06-01T08:49:42.000000Z, 2.10, 40.25, 25.45, 5.4, 102.73, 40.18, 25.30, 10.00, 2.02, .99, 40.18, 25.30, 10.00, 2.02, .99
2014-06-01T12:55:02.000000Z, 2.50, 40.19, 25.14, 5.4, 44.06, 40.17, 25.15, 10.00, 2.30, .99, 40.17, 25.12, 10.00, 2.35, .99
2014-06-01T13:43:52.000000Z, 2.40, 40.30, 25.56, 9.7, 36.77, 40.23, 25.50, 10.00, 2.07, .99, 40.29, 25.56, 13.93, 2.15, .99
2014-06-01T19:58:30.000000Z, 3.70, 40.41, 26.14, 10.3, 31.96, 40.41, 26.11, 11.56, 3.16, .99, 40.41, 26.11, 7.48, 3.60, .99
2014-06-01T21:17:45.000000Z, 3.60, 40.56, 27.33, 11.0, 32.73, 41.43, 27.75, 142.57, 4.33, .99, 40.56, 27.30, 5.00, 3.78, .99
2014-06-01T21:34:40.000000Z, 2.60, 40.41, 26.13, 8.8, 30.93, 40.41, 26.11, 10.21, 2.21, .99, 40.42, 26.08, 10.00, 2.46, .99
2014-06-02T00:28:48.000000Z, 2.10, 40.22, 25.17, 13.1, 38.66, 40.49, 25.33, 45.05, 2.04, .99, 40.31, 25.34, 23.79, 2.04, .99
2014-06-02T01:32:27.000000Z, 2.40, 40.79, 28.15, 8.2, 29.08, 41.01, 27.89, 57.55, 2.12, .99, 40.80, 28.15, 10.98, 2.21, .99
2014-06-03T03:50:52.000000Z, 2.30, 40.18, 25.13, 7.6, 41.47, 40.20, 25.14, 10.00, 2.14, .99, 40.15, 25.11, 10.00, 2.19, .99
2014-06-03T08:57:12.000000Z, 2.70, 40.42, 26.28, 13.8, 32.64, 40.50, 26.20, 23.54, 2.33, .99, 40.44, 26.17, 6.23, 2.65, .99
2014-06-03T12:10:34.000000Z, 2.60, 40.41, 26.13, 16.4, 31.09, 40.41, 26.11, 9.27, 2.23, .99, 40.40, 26.11, 10.00, 2.46, .99
2014-06-03T14:04:06.000000Z, 2.10, 40.21, 25.16, 7.6, 62.38, 40.22, 25.18, 10.00, 2.13, .99, 40.18, 25.26, 34.75, 2.05, .99
2014-06-03T14:16:17.000000Z, 2.60, 40.18, 25.13, 5.7, 42.02, 40.28, 25.19, 20.20, 2.38, .99, 40.10, 25.12, 10.00, 2.48, .99
2014-06-04T03:28:46.000000Z, 3.20, 40.17, 25.60, 7.4, 39.06, 40.47, 25.96, 138.62, 2.67, .99, 40.17, 25.56, 10.00, 3.02, .99
2014-06-04T06:01:23.000000Z, 2.30, 40.17, 25.23, 5.0, 47.30, 40.17, 25.07, 10.00, 2.22, .99, 40.09, 25.08, 10.00, 2.27, .99
2014-06-04T07:44:30.000000Z, 2.40, 40.20, 25.68, 5.3, 39.10, 40.12, 25.31, 10.00, 2.27, .99, 40.21, 25.30, 10.00, 2.39, .99
2014-06-04T12:04:24.000000Z, 2.80, 40.39, 26.14, 7.8, 29.18, 40.39, 26.11, 13.69, 2.39, .99, 40.39, 26.08, 10.00, 2.66, .99
2014-06-04T16:39:21.000000Z, 3.00, 40.38, 25.88, 8.4, 31.31, 40.36, 28.19, 30.17, 2.88, .99, 40.37, 25.86, 10.00, 2.81, .99
2014-06-05T03:51:00.000000Z, 2.30, 40.34, 25.91, 14.3, 38.55, 40.36, 25.55, 17.25, 2.26, .99, 40.38, 25.88, 10.00, 2.07, .99
2014-06-05T04:21:00.000000Z, 2.80, 40.28, 25.49, 7.4, 33.91, 40.26, 25.31, 10.00, 2.56, .99, 40.29, 25.48, 10.00, 2.59, .99
2014-06-05T16:34:01.000000Z, 2.30, 41.43, 29.18, 14.3, 28.28, 41.43, 29.12, 10.00, 2.46, .99, 41.41, 29.17, 10.00, 2.30, .99
2014-06-05T21:02:23.000000Z, 2.20, 40.20, 28.88, 7.7, 19.74, 40.36, 27.13, 299.63, 2.46, .99, 40.19, 28.94, 5.00, 2.24, .99
2014-06-06T07:38:17.000000Z, 2.80, 40.40, 26.10, 6.8, 31.22, 40.41, 26.08, 12.45, 2.39, .99, 40.39, 26.06, 10.00, 2.71, .99
2014-06-07T00:34:25.000000Z, 2.50, 40.42, 26.34, 12.2, 27.17, 40.42, 27.52, 20.34, 2.71, .99, 40.43, 26.29, 5.00, 2.40, .99
2014-06-07T08:38:06.000000Z, 3.00, 40.41, 26.12, 10.5, 30.56, 40.41, 26.09, 13.79, 2.57, .99, 40.41, 26.08, 8.07, 2.69, .99
2014-06-08T04:52:37.000000Z, 3.00, 40.35, 25.77, 4.6, 37.22, 41.21, 27.89, 10.00, 2.84, .99, 40.34, 25.75, 10.00, 2.82, .99
2014-06-08T16:18:39.000000Z, 2.50, 40.25, 25.28, 12.6, 35.55, 40.26, 25.29, 10.00, 2.24, .99, 40.29, 25.40, 10.00, 2.21, .99
2014-06-09T13:32:44.000000Z, 2.10, 40.34, 25.58, 6.3, 91.33, 40.37, 26.45, 5.00, 2.00, .99, 40.37, 26.45, 5.00, 2.04, .99
2014-06-09T15:03:27.000000Z, 3.50, 40.42, 26.12, 9.1, 29.86, 40.17, 26.30, 176.33, 2.91, .40, 40.41, 26.17, 10.00, 3.22, .99
2014-06-09T22:09:53.000000Z, 2.40, 40.43, 27.95, 5.5, 31.97, 40.37, 27.94, 11.82, 2.13, .99, 40.40, 27.94, 10.00, 2.44, .99
2014-06-10T09:11:28.000000Z, 2.80, 40.18, 25.52, 9.3, 37.23, 40.20, 25.50, 10.00, 2.27, .99, 40.16, 25.36, 10.00, 2.54, .99
2014-06-10T21:24:09.000000Z, 2.70, 40.41, 26.06, 12.0, 38.13, 40.52, 26.30, 750.00, 2.35, .99, 40.40, 26.04, 10.00, 2.52, .99
2014-06-10T22:04:39.000000Z, 2.90, 40.40, 26.14, 14.0, 28.05, 40.49, 26.48, 243.03, 2.12, .40, 40.39, 26.13, 7.76, 2.68, .99
2014-06-11T02:30:45.000000Z, 2.30, 40.39, 25.94, 10.1, 38.42, 40.38, 25.91, 10.00, 2.01, .99, 40.37, 25.93, 5.00, 2.20, .99
2014-06-11T20:57:38.000000Z, 2.90, 40.21, 25.50, 9.7, 42.99, 40.19, 25.52, 10.00, 2.34, .99, 40.19, 25.53, 10.00, 2.69, .99
2014-06-11T21:44:43.000000Z, 2.90, 40.20, 25.50, 9.4, 39.62, 40.20, 25.51, 10.00, 2.34, .99, 40.19, 25.47, 10.00, 2.61, .99
2014-06-12T03:43:01.000000Z, 3.20, 40.20, 25.51, 5.3, 43.33, 40.20, 25.56, 10.00, 2.56, .99, 40.19, 25.48, 10.00, 3.00, .99
2014-06-12T04:06:17.000000Z, 2.50, 40.20, 25.55, 10.3, 46.53, 40.18, 25.59, 10.00, 2.12, .99, 40.19, 25.51, 10.00, 2.33, .99
2014-06-12T09:16:59.000000Z, 2.10, 40.46, 29.24, 3.8, 50.03, 40.41, 29.22, 8.94, 2.12, .40, 40.41, 29.22, 8.94, 2.50, .40
2014-06-12T15:08:16.000000Z, 2.80, 40.45, 26.31, 11.6, 37.84, 40.46, 26.29, 7.80, 2.49, .99, 40.45, 26.27, 5.00, 2.60, .99
2014-06-13T14:04:16.000000Z, 2.30, 40.35, 25.85, 8.5, 32.95, 40.31, 25.33, 10.00, 2.33, .99, 40.37, 25.62, 10.00, 2.33, .99
2014-06-14T12:54:18.000000Z, 2.20, 40.40, 26.06, 18.4, 51.12, 40.40, 25.97, 10.00, 2.02, .99, 40.39, 26.05, 5.00, 2.12, .99
2014-06-15T14:17:45.000000Z, 2.30, 40.28, 25.26, 8.6, 54.44, 40.22, 25.22, 10.00, 2.26, .99, 40.22, 25.21, 10.00, 2.26, .99
2014-06-15T19:46:53.000000Z, 4.10, 40.26, 25.17, 17.8, 44.30, 40.25, 25.17, 10.00, 3.89, .99, 40.24, 25.19, 10.00, 3.92, .99
2014-06-15T20:30:05.000000Z, 2.70, 40.21, 25.51, 14.8, 66.04, 40.11, 25.52, 10.00, 2.33, .99, 40.11, 25.52, 10.00, 2.35, .99
2014-06-17T10:40:29.000000Z, 3.10, 40.25, 25.43, 10.0, 36.62, 40.28, 25.43, 10.00, 2.74, .99, 40.24, 25.40, 10.00, 2.90, .99
2014-06-17T19:52:58.000000Z, 2.50, 40.36, 25.85, 14.7, 30.77, 40.36, 25.82, 10.00, 2.17, .99, 40.35, 25.74, 10.00, 2.50, .99
2014-06-18T01:41:45.000000Z, 2.50, 40.40, 26.13, 4.5, 33.12, 40.40, 26.11, 12.15, 2.03, .99, 40.39, 26.10, 10.00, 2.44, .99
2014-06-18T13:06:17.000000Z, 2.40, 40.06, 26.09, 7.6, 31.95, 40.07, 26.08, 10.00, 2.15, .99, 40.11, 26.12, 10.00, 2.22, .99
2014-06-19T01:15:33.000000Z, 2.20, 40.36, 25.93, 11.8, 33.80, 40.41, 25.62, 5.00, 2.04, .99, 40.37, 25.87, 5.00, 2.13, .99
2014-06-19T20:50:13.000000Z, 2.40, 40.66, 27.52, 11.3, 36.77, 40.70, 27.46, 10.00, 2.22, .99, 40.65, 27.47, 10.00, 2.30, .99
2014-06-20T02:55:37.000000Z, 3.10, 40.37, 25.92, 11.6, 26.25, 40.44, 28.84, 10.00, 2.17, .99, 40.36, 25.86, 10.00, 2.94, .99
2014-06-20T09:45:34.000000Z, 3.10, 40.41, 26.06, 5.3, 36.00, 40.39, 26.03, 10.00, 2.58, .99, 40.40, 26.10, 10.00, 2.71, .99
2014-06-20T22:21:15.000000Z, 2.80, 40.71, 27.47, 9.1, 30.74, 40.49, 26.31, 71.64, 3.79, .40, 40.71, 27.45, 5.00, 2.68, .99
2014-06-21T05:01:29.000000Z, 2.40, 40.81, 27.94, 15.4, 32.01, 40.87, 27.78, 20.55, 2.31, .99, 40.83, 27.93, 5.00, 2.32, .99
2014-06-21T10:48:04.000000Z, 2.80, 40.44, 25.93, 9.5, 33.95, 40.45, 25.91, 11.58, 2.25, .99, 40.45, 25.91, 5.00, 2.44, .99
2014-06-21T14:33:24.000000Z, 3.50, 40.30, 25.60, 8.4, 35.40, 40.31, 25.68, 10.00, 2.86, .99, 40.29, 25.71, 10.00, 3.07, .99
2014-06-23T19:07:19.000000Z, 2.60, 40.21, 25.13, 11.8, 46.00, 40.05, 25.02, 29.14, 2.09, .99, 40.19, 25.09, 10.00, 2.22, .99
2014-06-25T07:19:14.000000Z, 2.70, 40.42, 25.81, 9.1, 36.88, 40.42, 25.83, 10.00, 2.38, .99, 40.42, 25.76, 5.00, 2.54, .99
2014-06-25T20:38:28.000000Z, 3.30, 40.29, 25.55, 6.1, 35.44, 40.29, 25.46, 10.00, 2.95, .99, 40.29, 25.51, 10.00, 2.93, .99
2014-06-27T01:46:28.000000Z, 2.80, 40.24, 25.14, 8.4, 39.87, 40.27, 25.23, 10.00, 2.60, .99, 40.24, 25.17, 10.00, 2.60, .99
2014-06-27T16:55:36.000000Z, 2.30, 40.37, 25.93, 14.4, 33.67, 40.37, 25.82, 16.30, 2.07, .99, 40.38, 25.91, 10.00, 2.10, .99
2014-06-27T19:03:12.000000Z, 2.10, 40.42, 27.31, 4.7, 38.48, 40.46, 27.42, 10.00, 2.02, .99, 40.41, 27.32, 10.00, 2.11, .99
2014-06-28T04:24:11.000000Z, 2.10, 40.40, 26.12, 7.2, 31.52, 40.46, 25.87, 32.22, 2.02, .40, 40.42, 26.03, 10.00, 2.07, .40
2014-06-28T09:20:37.000000Z, 2.20, 40.13, 27.16, 1.1, 37.20, 40.09, 27.12, 10.00, 2.09, .40, 40.18, 27.15, 10.00, 2.24, .40
2014-07-03T04:42:01.000000Z, 2.40, 40.19, 27.94, 7.8, 30.34, 40.10, 28.05, 22.75, 2.62, .99, 40.13, 27.96, 5.00, 2.48, .99
2014-07-03T05:18:23.000000Z, 2.90, 40.21, 27.93, 7.4, 36.54, 40.19, 27.94, 10.00, 2.96, .99, 40.20, 27.93, 10.00, 2.96, .99
2014-07-03T08:05:48.000000Z, 2.80, 40.22, 27.93, 4.3, 29.57, 40.21, 27.91, 9.67, 2.70, .99, 40.23, 27.92, 5.00, 2.75, .99
2014-07-03T10:50:49.000000Z, 2.50, 40.41, 26.10, 6.8, 34.34, 40.42, 26.07, 10.00, 2.14, .99, 40.42, 26.10, 5.00, 2.39, .99
2014-07-04T02:33:37.000000Z, 2.50, 40.40, 26.29, 13.3, 33.53, 40.42, 26.26, 9.42, 2.17, .99, 40.44, 26.26, 9.59, 2.41, .99
2014-07-04T23:16:50.000000Z, 2.50, 40.37, 25.91, 8.2, 33.86, 40.39, 25.86, 11.10, 2.29, .99, 40.39, 25.85, 5.00, 2.56, .99
2014-07-05T01:36:00.000000Z, 2.20, 40.36, 25.86, 8.5, 32.02, 40.43, 25.56, 13.84, 2.13, .40, 40.42, 25.75, 10.00, 2.13, .40
2014-07-05T04:27:48.000000Z, 2.30, 40.18, 25.12, 5.3, 42.48, 40.20, 25.09, 10.00, 2.19, .40, 40.17, 25.08, 10.00, 2.23, .40
2014-07-05T21:17:20.000000Z, 2.60, 40.79, 28.08, 12.2, 31.85, 40.77, 28.11, 10.00, 2.29, .99, 40.80, 28.08, 5.95, 2.36, .99
2014-07-05T22:00:44.000000Z, 2.80, 40.39, 26.13, 7.5, 38.25, 40.40, 26.08, 10.00, 2.51, .99, 40.39, 26.11, 5.68, 2.72, .99
2014-07-06T10:01:49.000000Z, 3.00, 40.41, 26.06, 10.1, 30.27, 40.41, 26.03, 13.09, 2.52, .99, 40.39, 25.97, 5.00, 2.92, .99
2014-07-08T06:31:53.000000Z, 2.50, 40.41, 26.12, 15.8, 33.85, 40.41, 26.09, 10.00, 2.17, .99, 40.42, 26.09, 10.00, 2.23, .99
2014-07-08T06:55:52.000000Z, 2.40, 40.41, 26.13, 18.5, 36.20, 40.41, 26.11, 10.24, 2.00, .99, 40.42, 26.14, 10.00, 2.24, .99
2014-07-08T15:30:45.000000Z, 2.70, 40.39, 26.15, 11.0, 32.86, 40.48, 25.85, 14.87, 2.48, .99, 40.36, 25.94, 5.00, 2.59, .99
2014-07-09T13:12:43.000000Z, 2.90, 40.41, 26.13, 9.7, 38.59, 40.42, 26.12, 11.80, 2.44, .99, 40.43, 26.10, 10.00, 2.80, .99
2014-07-09T23:45:01.000000Z, 4.30, 40.43, 26.26, 15.0, 28.52, 40.41, 29.25, 172.03, 2.84, .40, 40.42, 26.26, 7.77, 4.18, .99
2014-07-10T01:15:56.000000Z, 3.10, 40.43, 26.27, 14.0, 29.10, 40.44, 26.26, 14.58, 2.68, .99, 40.42, 26.26, 10.00, 2.97, .99
2014-07-10T16:14:29.000000Z, 2.70, 40.39, 26.13, 13.0, 28.50, 40.27, 27.22, 10.00, 2.75, .80, 40.38, 26.02, 11.31, 2.75, .99
2014-07-11T14:12:43.000000Z, 3.10, 40.37, 25.87, 9.2, 40.47, 40.38, 25.89, 10.00, 2.73, .99, 40.37, 25.86, 5.00, 2.96, .99
2014-07-12T01:21:41.000000Z, 2.20, 40.42, 26.29, 12.2, 38.91, 40.50, 27.14, 219.33, 2.39, .99, 40.46, 26.26, 5.00, 2.15, .99
2014-07-14T23:09:05.000000Z, 2.50, 40.41, 26.08, 11.6, 30.55, 40.41, 26.05, 11.92, 2.03, .99, 40.40, 26.11, 10.00, 2.24, .99
2014-07-15T00:34:05.000000Z, 2.80, 40.18, 25.13, 5.5, 38.19, 40.20, 25.16, 10.00, 2.55, .99, 40.16, 25.12, 10.00, 2.59, .99
2014-07-15T10:33:31.000000Z, 3.70, 40.22, 25.18, 14.2, 35.96, 40.33, 27.75, 5.00, 3.23, .99, 40.32, 27.80, 10.00, 3.45, .99
2014-07-15T11:10:54.000000Z, 2.60, 40.20, 25.15, 5.0, 45.52, 40.15, 25.13, 10.00, 2.30, .99, 40.15, 25.13, 10.00, 2.34, .99
2014-07-15T21:00:24.000000Z, 2.40, 40.25, 26.25, 15.3, 41.23, 40.25, 26.22, 10.00, 2.18, .99, 40.25, 26.22, 5.00, 2.26, .99
2014-07-16T05:43:09.000000Z, 2.70, 40.16, 25.10, 9.9, 41.49, 40.19, 25.08, 10.00, 2.36, .99, 40.17, 25.09, 5.00, 2.42, .99
2014-07-16T08:24:31.000000Z, 2.30, 40.16, 26.93, 9.0, 34.68, 40.17, 26.92, 15.64, 2.10, .99, 40.20, 26.94, 5.00, 2.34, .99
2014-07-17T04:47:36.000000Z, 2.50, 40.20, 25.13, 10.9, 45.05, 40.23, 25.19, 10.00, 2.16, .99, 40.15, 25.13, 10.00, 2.26, .99
2014-07-19T04:11:16.000000Z, 2.20, 40.59, 25.28, 5.1, 42.53, 40.60, 25.32, 10.00, 2.05, .99, 40.63, 25.28, 10.00, 2.07, .99
2014-07-19T23:55:45.000000Z, 2.20, 40.46, 26.39, 16.0, 36.58, 40.47, 26.34, 6.08, 2.06, .99, 40.48, 26.32, 10.00, 2.13, .99
2014-07-21T01:59:15.000000Z, 2.50, 40.46, 26.37, 15.2, 27.83, 41.12, 28.97, 5.00, 2.35, .99, 40.48, 26.34, 10.00, 2.45, .99
2014-07-24T00:38:38.000000Z, 2.20, 40.42, 26.26, 8.9, 34.13, 40.43, 26.23, 10.00, 2.00, .99, 40.44, 26.22, 5.00, 2.21, .99
2014-07-24T06:09:26.000000Z, 2.60, 40.19, 25.16, 2.3, 41.50, 40.29, 25.19, 10.00, 2.22, .99, 40.21, 25.20, 10.00, 2.34, .99
2014-07-25T03:27:53.000000Z, 2.50, 40.37, 25.86, 11.0, 34.24, 40.38, 25.83, 10.00, 2.10, .99, 40.38, 25.91, 10.00, 2.37, .99
2014-07-25T09:11:12.000000Z, 2.30, 40.78, 29.05, 11.1, 18.33, 40.72, 28.90, 5.00, 3.62, .99, 40.77, 29.09, 5.00, 2.75, .99
2014-07-27T06:24:31.000000Z, 2.90, 40.35, 27.57, 10.8, 24.82, 40.09, 28.55, 10.00, 3.29, .99, 40.34, 27.57, 5.00, 2.78, .99
2014-07-27T14:09:33.000000Z, 3.80, 40.18, 26.89, 6.6, 30.03, 40.17, 26.91, 10.00, 3.32, .99, 40.17, 26.87, 10.00, 3.58, .99
2014-07-29T13:17:06.000000Z, 2.20, 40.35, 25.81, 5.7, 35.07, 40.33, 25.55, 10.00, 2.31, .99, 40.36, 25.85, 10.00, 2.04, .99
2014-08-01T02:18:42.000000Z, 2.20, 40.81, 27.96, 10.8, 28.11, 40.57, 28.70, 17.22, 2.73, .99, 40.84, 27.94, 5.00, 2.10, .99
2014-08-01T19:15:10.000000Z, 2.40, 40.19, 25.17, 8.8, 47.03, 40.19, 25.27, 10.00, 2.11, .99, 40.16, 25.26, 10.00, 2.15, .99
2014-08-02T06:04:00.000000Z, 2.10, 40.60, 29.18, 6.8, 23.15, 40.63, 29.29, 5.00, 2.17, .99, 40.63, 29.23, 5.00, 2.06, .99
2014-08-03T07:48:39.000000Z, 3.10, 40.60, 29.17, 5.3, 20.97, 40.61, 29.17, 5.00, 3.13, .99, 40.61, 29.16, 5.00, 3.01, .99
2014-08-03T08:08:39.000000Z, 2.00, 40.60, 29.18, 4.1, 23.51, 40.61, 29.16, 5.00, 2.06, .40, 40.60, 29.16, 5.00, 2.15, .99
2014-08-03T10:42:44.000000Z, 3.60, 40.61, 29.16, 3.4, 51.57, 40.61, 29.17, 5.00, 3.56, .99, 40.62, 29.16, 5.00, 3.77, .99
2014-08-03T13:20:22.000000Z, 3.10, 40.61, 29.17, 5.4, 24.62, 40.60, 29.15, 5.00, 3.07, .99, 40.60, 29.17, 5.00, 3.17, .99
2014-08-03T13:37:48.000000Z, 3.00, 40.60, 29.18, 4.9, 20.48, 40.61, 29.17, 5.00, 3.15, .99, 40.60, 29.17, 5.00, 3.11, .99
2014-08-03T22:42:11.000000Z, 2.80, 40.60, 29.16, 5.5, 21.17, 40.44, 28.32, 28.01, 3.84, .99, 40.60, 29.14, 5.00, 2.85, .99
2014-08-05T18:22:28.000000Z, 2.30, 40.60, 29.15, 1.9, 25.88, 40.87, 26.86, 95.29, 3.64, .99, 40.60, 29.14, 5.00, 2.21, .99
2014-08-05T23:41:38.000000Z, 2.50, 40.15, 25.07, 5.1, 44.83, 40.19, 25.05, 10.00, 2.08, .80, 40.12, 25.04, 10.00, 2.17, .99
2014-08-06T05:58:30.000000Z, 2.60, 40.18, 27.25, 7.6, 28.47, 40.09, 27.20, 15.33, 2.42, .99, 40.21, 27.19, 5.00, 2.39, .99
2014-08-06T06:48:40.000000Z, 2.50, 40.61, 29.00, 8.0, 25.18, 40.59, 29.05, 5.00, 2.32, .99, 40.59, 29.04, 5.00, 2.39, .99
2014-08-06T09:41:36.000000Z, 2.50, 40.18, 25.11, 15.7, 57.46, 40.23, 25.09, 10.00, 2.15, .99, 40.20, 25.09, 5.00, 2.16, .99
2014-08-06T11:14:33.000000Z, 2.00, 40.65, 29.50, 2.9, 38.05, 40.71, 28.47, 65.23, 2.43, .99, 40.71, 28.47, 65.23, 2.45, .99
2014-08-06T19:51:30.000000Z, 2.30, 40.25, 25.17, 10.2, 49.72, 40.13, 25.21, 10.00, 2.21, .99, 40.17, 25.20, 10.00, 2.29, .99
2014-08-07T22:30:31.000000Z, 2.60, 40.26, 25.17, 17.6, 46.85, 40.24, 25.32, 10.00, 2.44, .99, 40.26, 25.27, 10.00, 2.49, .99
