2014-10-02T07:35:06,2.86,66.24546,-16.56120,3.392,136.07,66.24,-16.59,11.11,1.66,0.40,66.24,-16.56,5.00,1.65,0.12
2014-10-02T09:03:15,3.30,66.24882,-16.56870,0.156,223.70,65.64,-16.38,5.00,1.26,0.40,66.27,-16.53,5.00,1.81,0.12
2014-10-02T09:06:09,1.36,66.24679,-16.55484,4.955,250.66,66.22,-16.59,2.35,1.23,0.12,66.22,-16.59,2.35,1.56,0.12
2014-10-02T09:22:44,0.95,66.25558,-16.53579,8.812,58.94,66.24,-17.30,5.00,0.50,0.12,66.24,-17.30,5.00,0.89,0.12
2014-10-02T09:28:22,1.64,66.25577,-16.54329,5.720,41.60,66.21,-16.67,13.74,1.27,0.12,66.21,-16.67,13.74,1.31,0.40
2014-10-02T09:42:53,2.07,66.24196,-16.56261,3.707,54.57,66.32,-16.47,11.71,1.18,0.12,66.32,-16.47,11.71,1.69,0.40
2014-10-02T09:44:16,1.01,66.24801,-16.54830,4.163,46.82,66.12,-17.22,5.00,0.50,0.12,66.12,-17.22,5.00,1.18,0.40
2014-10-02T10:02:13,0.87,63.99362,-20.70081,5.253,38.02,64.00,-20.69,9.89,0.96,0.40,64.00,-20.69,9.89,1.17,0.40
2014-10-02T10:05:54,1.74,66.24642,-16.55924,4.704,40.53,66.66,-16.17,5.00,1.96,0.40,66.30,-16.45,5.00,1.84,0.40
2014-10-02T10:21:52,2.51,66.24921,-16.55671,4.782,33.41,66.22,-16.63,19.99,1.53,0.40,66.28,-16.43,5.00,2.05,0.40
2014-10-02T10:41:03,1.51,66.24734,-16.54898,5.266,41.52,66.27,-15.95,5.00,1.62,0.40,66.40,-16.38,9.48,1.63,0.40
2014-10-02T10:47:53,0.63,66.24139,-16.55882,1.144,42.23,64.66,-17.52,10.81,1.32,0.40,64.66,-17.52,10.81,1.34,0.40
2014-10-02T11:05:48,1.16,66.25159,-16.54393,5.063,47.13,66.54,-16.12,5.00,1.78,0.40,66.54,-16.12,5.00,1.81,0.40
2014-10-02T12:15:37,1.16,66.25095,-16.54412,5.934,46.32,66.27,-16.52,13.27,0.84,0.12,66.27,-16.52,13.27,1.48,0.40
2014-10-02T12:59:11,0.69,64.79404,-16.89065,1.119,29.89,64.80,-16.98,0.00,0.76,0.40,64.83,-16.98,0.00,0.94,0.40
2014-10-02T13:50:43,1.14,66.26080,-16.53249,7.412,45.99,66.27,-16.55,5.00,1.32,0.40,66.27,-16.55,5.00,1.39,0.40
2014-10-02T14:08:09,1.58,66.25013,-16.54660,5.524,37.02,66.25,-16.52,11.99,1.55,0.40,66.27,-16.51,13.82,1.52,0.40
2014-10-02T14:11:34,2.12,66.24477,-16.56098,2.483,42.38,66.27,-16.52,12.64,1.23,0.40,66.24,-16.57,10.10,1.46,0.40
2014-10-02T14:21:51,1.26,66.24331,-16.56350,1.144,37.81,66.22,-16.63,16.61,1.42,0.40,66.26,-16.57,5.00,1.46,0.40
2014-10-02T14:39:09,1.54,66.25261,-16.54413,6.162,36.01,66.23,-16.53,18.84,1.46,0.40,66.27,-16.48,5.00,1.58,0.40
2014-10-02T15:33:05,1.36,66.24587,-16.54369,5.228,33.23,66.28,-16.51,9.43,1.42,0.40,66.28,-16.50,11.77,1.46,0.40
2014-10-02T15:56:00,1.02,64.79012,-16.91012,8.242,29.67,64.82,-16.82,5.00,0.73,0.40,64.82,-16.82,0.00,0.82,0.40
2014-10-02T16:11:13,1.21,65.70945,-16.79182,3.379,45.81,65.71,-16.78,5.00,0.58,0.40,65.71,-16.79,5.00,0.65,0.40
2014-10-02T16:56:38,1.16,66.26745,-16.54052,6.534,36.85,66.31,-16.56,5.00,1.43,0.40,66.31,-16.56,5.00,1.50,0.40
2014-10-02T18:28:29,0.80,64.78819,-16.89402,8.468,31.93,64.90,-16.88,2.32,1.16,0.40,64.90,-16.88,2.32,1.17,0.40
2014-10-02T18:41:16,1.05,64.78941,-16.91769,9.552,39.37,64.73,-17.69,35.09,1.14,0.40,64.66,-17.29,11.23,1.19,0.40
2014-10-02T19:08:36,0.61,64.79440,-16.89849,11.073,30.95,64.88,-16.97,0.00,0.93,0.40,64.95,-17.00,0.00,1.17,0.40
2014-10-02T19:57:08,1.09,65.14799,-16.33714,7.950,40.79,65.19,-16.55,54.07,1.41,0.40,65.19,-16.55,54.07,1.37,0.40
2014-10-02T20:31:54,1.08,66.24393,-16.55185,4.467,74.40,66.12,-17.34,5.00,0.94,0.12,66.12,-17.34,5.00,1.18,0.40
2014-10-02T20:36:17,1.12,65.14539,-16.34484,10.525,35.34,65.15,-16.33,12.34,1.10,0.40,65.14,-16.33,12.86,1.16,0.40
2014-10-02T20:57:16,1.27,63.95402,-21.23921,8.139,35.16,63.96,-21.23,16.75,0.78,0.40,63.96,-21.23,16.34,0.94,0.40
2014-10-02T21:27:30,1.19,64.12366,-19.06161,2.792,36.00,64.25,-18.87,5.00,1.34,0.40,64.25,-18.87,5.00,1.36,0.40
2014-10-02T21:57:13,2.38,66.24420,-16.58945,5.714,33.41,66.24,-16.59,12.95,1.65,0.40,66.26,-16.49,5.00,1.87,0.40
2014-10-02T22:03:23,1.51,66.24687,-16.55287,5.404,36.90,66.22,-16.61,15.24,1.52,0.40,66.22,-16.61,15.24,1.49,0.40
2014-10-02T22:04:23,1.22,66.25801,-16.54714,2.026,56.65,66.51,-16.19,5.00,1.64,0.40,66.51,-16.19,5.00,1.92,0.40
2014-10-02T22:24:46,1.42,66.25471,-16.54520,6.383,42.44,65.75,-17.61,0.00,1.59,0.40,65.91,-17.03,24.23,1.06,0.40
2014-10-02T22:55:58,0.73,66.24975,-16.55588,1.144,35.31,66.15,-16.62,5.00,1.24,0.40,66.15,-16.62,5.00,1.31,0.40
2014-10-03T00:46:18,1.45,66.24756,-16.55083,4.067,36.23,66.23,-16.58,15.87,1.64,0.40,66.27,-16.50,14.33,1.63,0.40
2014-10-03T02:02:28,0.72,64.79073,-16.88659,7.612,33.09,64.89,-17.02,29.89,0.81,0.40,64.89,-17.04,33.44,1.00,0.40
2014-10-03T02:59:20,1.24,65.14665,-16.34447,9.991,30.44,65.15,-16.33,11.59,1.20,0.40,65.14,-16.33,11.58,1.34,0.40
2014-10-03T03:17:31,1.54,65.13327,-17.09156,3.649,37.75,65.15,-17.03,13.00,1.48,0.40,65.13,-17.06,13.63,1.52,0.40
2014-10-03T04:37:42,1.00,64.79437,-16.90451,12.163,38.48,64.53,-17.14,19.35,1.41,0.40,64.53,-17.16,22.11,1.58,0.40
2014-10-03T05:35:15,1.09,64.84154,-16.87172,9.383,28.51,64.84,-16.87,11.86,0.78,0.40,64.83,-16.79,0.00,1.09,0.40
2014-10-03T06:33:29,1.00,64.75678,-16.93123,7.456,33.01,64.86,-17.00,18.94,0.97,0.40,64.86,-17.00,18.91,0.50,0.40
2014-10-03T06:49:24,0.83,64.79422,-16.90492,7.847,31.29,64.65,-16.59,5.00,1.16,0.40,64.65,-16.59,5.00,1.17,0.40
2014-10-03T07:16:02,0.96,64.80634,-16.89904,8.200,35.72,64.88,-17.35,37.27,0.69,0.40,64.88,-17.35,37.27,1.16,0.40
2014-10-03T07:23:45,1.69,65.02645,-16.65343,3.483,32.80,65.04,-16.61,7.20,0.50,0.40,65.04,-16.61,8.86,0.50,0.40
2014-10-03T09:37:10,0.95,63.95768,-20.00902,8.532,39.19,63.83,-20.10,0.00,0.96,0.40,63.83,-20.10,0.00,0.97,0.40
2014-10-03T09:46:50,2.02,65.14700,-16.33844,7.040,32.75,65.15,-16.33,11.18,1.35,0.40,65.15,-16.32,8.59,0.50,0.40
2014-10-03T10:58:18,1.41,64.79752,-16.92274,9.152,34.63,64.83,-16.90,5.00,0.74,0.40,64.82,-16.89,7.48,1.26,0.40
2014-10-03T11:29:43,1.10,64.78856,-16.90539,7.375,38.92,64.79,-16.89,5.00,0.50,0.40,64.79,-16.89,5.00,0.50,0.40
2014-10-03T11:57:20,1.60,65.02587,-16.65056,3.734,31.40,64.87,-17.02,5.00,1.24,0.40,64.84,-16.99,12.98,1.57,0.40
2014-10-03T12:19:04,0.99,65.13422,-16.31657,8.047,38.74,65.19,-16.20,5.00,1.44,0.40,65.19,-16.20,5.00,1.56,0.40
2014-10-03T15:35:00,1.00,64.78137,-16.91165,7.719,44.62,64.66,-17.56,72.89,1.41,0.40,64.66,-17.56,72.89,1.44,0.40
2014-10-03T17:45:52,1.04,63.63194,-19.21991,3.028,69.09,63.63,-19.21,5.34,0.50,0.12,63.63,-19.21,5.34,0.78,0.40
2014-10-03T21:16:53,0.55,64.79256,-16.88372,6.744,33.60,64.93,-17.07,26.83,0.96,0.40,64.88,-16.46,0.00,1.04,0.40
2014-10-03T21:36:00,1.52,64.00409,-20.41992,7.707,29.61,64.00,-20.42,13.19,0.68,0.40,64.01,-20.41,11.90,1.19,0.40
2014-10-04T00:44:42,1.84,66.24628,-16.55681,5.855,35.96,66.27,-16.54,13.43,1.63,0.40,66.27,-16.54,13.43,1.70,0.40
2014-10-04T01:46:38,1.61,64.86604,-16.84491,9.908,31.93,64.88,-16.83,11.74,0.50,0.40,64.88,-16.85,11.21,0.50,0.40
2014-10-04T02:19:27,1.45,66.25049,-16.56054,4.725,44.89,66.47,-16.16,5.00,1.91,0.40,66.47,-16.16,5.00,1.94,0.40
2014-10-04T02:47:49,1.82,66.24794,-16.55790,6.289,31.06,66.28,-16.52,11.88,1.39,0.40,66.28,-16.51,8.07,1.83,0.40
2014-10-04T05:02:33,1.77,66.25774,-16.58023,5.111,42.23,66.46,-16.38,5.00,1.80,0.40,66.30,-16.52,10.08,1.69,0.40
2014-10-04T05:54:11,1.24,64.26720,-17.60595,3.058,35.19,64.24,-17.54,0.00,0.50,0.40,64.24,-17.54,0.00,0.50,0.40
2014-10-04T06:02:46,0.68,64.85528,-16.84818,8.419,31.19,64.90,-16.43,0.00,1.55,0.40,64.68,-17.45,11.46,0.50,0.40
2014-10-04T06:46:53,1.36,66.21228,-18.24523,10.080,37.12,66.08,-18.14,6.66,1.26,0.40,66.09,-18.15,8.28,1.40,0.40
2014-10-04T07:06:07,1.48,66.24846,-16.55787,5.283,35.92,66.14,-16.76,17.14,1.27,0.40,66.28,-16.52,5.00,1.60,0.40
2014-10-04T07:09:53,1.73,66.24496,-16.56145,5.005,34.12,66.24,-16.60,16.51,1.55,0.40,66.35,-16.40,5.00,1.73,0.40
2014-10-04T07:20:19,1.12,63.67248,-19.30491,0.135,31.52,63.64,-19.36,0.00,1.05,0.40,63.57,-19.47,10.82,1.13,0.40
2014-10-04T08:19:18,1.19,63.91680,-19.02824,1.871,33.89,63.91,-19.02,7.03,0.89,0.40,63.91,-19.02,7.03,0.89,0.40
2014-10-04T09:20:38,1.29,66.21439,-18.23678,9.927,321.93,66.27,-18.32,8.81,1.69,0.40,66.27,-18.32,8.81,1.69,0.40
2014-10-04T09:30:23,1.83,66.21252,-18.25865,9.900,35.14,66.21,-18.29,16.37,1.53,0.40,66.06,-18.05,2.42,1.74,0.40
2014-10-04T09:41:09,1.27,66.22964,-16.82849,8.816,39.87,66.18,-16.88,17.18,1.35,0.40,66.18,-16.88,17.18,1.35,0.40
2014-10-04T09:57:52,1.35,66.21092,-18.24030,10.556,40.31,66.09,-18.15,8.24,1.29,0.40,66.09,-18.15,8.24,1.34,0.40
2014-10-04T10:11:13,1.21,66.21087,-18.23900,9.976,47.51,66.13,-18.18,9.67,1.23,0.40,66.13,-18.18,9.67,1.25,0.40
2014-10-04T10:29:24,1.44,66.21114,-18.23437,10.097,38.74,66.11,-18.14,9.95,1.35,0.40,66.11,-18.14,9.95,1.41,0.40
2014-10-04T10:29:56,0.57,66.21204,-18.22795,10.481,45.20,64.63,-17.19,20.67,1.06,0.40,64.63,-17.19,20.67,1.06,0.40
2014-10-04T10:49:15,1.28,66.21329,-18.23685,10.376,39.95,66.32,-18.32,5.00,1.35,0.40,66.13,-18.10,5.00,1.14,0.40
2014-10-04T11:10:53,0.86,66.25948,-16.53383,8.072,62.88,65.12,-12.31,5.00,2.27,0.40,65.12,-12.31,5.00,2.30,0.40
2014-10-04T12:01:20,1.63,66.21303,-18.25387,9.709,44.50,66.21,-18.22,15.79,1.14,0.40,66.20,-18.29,13.95,1.45,0.40
2014-10-04T12:28:56,1.35,63.95642,-19.32700,4.893,41.85,63.95,-19.29,5.57,0.98,0.40,63.95,-19.29,5.57,1.03,0.40
2014-10-04T13:44:16,1.49,64.75683,-16.95791,11.466,32.79,64.77,-16.95,12.49,1.10,0.40,64.76,-16.95,10.43,1.25,0.40
2014-10-04T14:22:48,1.48,66.43761,-17.39337,9.842,38.83,66.27,-17.51,5.00,1.36,0.40,66.48,-17.39,12.37,1.68,0.40
2014-10-04T15:37:59,1.21,66.25687,-16.54067,6.494,42.56,64.82,-17.12,43.03,0.82,0.40,64.79,-17.06,32.62,1.19,0.40
2014-10-04T16:20:12,1.78,66.25381,-16.54132,7.011,37.76,66.27,-16.52,12.10,1.28,0.40,66.26,-16.59,9.58,1.47,0.40
2014-10-04T16:33:20,1.44,65.08517,-16.44791,7.377,34.98,64.61,-17.12,30.75,1.21,0.40,65.12,-16.37,5.00,1.34,0.40
2014-10-04T16:55:34,1.61,66.25219,-19.00822,7.631,46.14,65.63,-16.71,70.92,0.50,0.40,65.63,-16.71,70.92,0.86,0.40
2014-10-04T17:17:50,1.29,63.59088,-19.03478,8.784,35.57,63.59,-19.03,13.84,0.94,0.40,63.59,-19.03,13.84,0.96,0.40
2014-10-04T17:39:14,0.68,64.79458,-16.88816,7.047,44.13,64.78,-16.89,13.78,0.96,0.40,64.78,-16.89,13.78,1.01,0.40
2014-10-04T18:34:38,0.87,64.83119,-16.87356,8.683,42.22,64.96,-17.12,37.86,1.10,0.40,64.96,-17.12,37.86,1.18,0.40
2014-10-04T18:46:29,0.44,64.80567,-16.89347,6.263,40.41,64.67,-16.90,20.60,1.02,0.40,64.67,-16.90,20.60,1.05,0.40
2014-10-04T21:27:50,0.85,64.67731,-17.04497,11.149,38.96,64.70,-17.05,36.91,0.71,0.40,64.69,-17.16,29.97,0.84,0.40
2014-10-04T23:30:19,0.99,66.25947,-16.53271,8.269,43.92,66.23,-16.57,5.00,1.06,0.40,66.23,-16.57,5.00,1.06,0.40
2014-10-05T01:19:42,0.65,64.72472,-16.99226,9.469,36.02,64.83,-17.17,68.21,0.59,0.40,64.72,-17.56,3.64,0.50,0.40
2014-10-05T02:14:27,0.96,66.21302,-17.23870,11.715,35.55,66.18,-17.25,18.56,0.99,0.40,66.19,-17.24,19.05,1.19,0.40
2014-10-05T05:38:22,1.36,64.71351,-16.96115,12.001,35.28,64.73,-17.05,34.44,0.54,0.40,64.72,-17.05,27.18,1.01,0.40
2014-10-05T05:56:15,1.16,66.26515,-16.59966,6.372,33.94,66.21,-16.70,13.95,1.20,0.40,66.25,-16.62,14.20,1.39,0.40
2014-10-05T06:04:35,2.12,64.75135,-16.94061,7.399,32.09,64.76,-16.97,18.64,1.24,0.40,64.77,-16.93,10.03,0.50,0.40
2014-10-05T06:41:43,0.64,64.80322,-16.90125,8.230,34.98,64.64,-16.88,0.00,0.96,0.40,64.64,-16.88,0.00,1.01,0.40
2014-10-05T07:27:14,1.24,65.71168,-16.81231,2.782,31.39,65.71,-16.80,5.00,0.56,0.40,65.71,-16.79,5.00,0.86,0.40
2014-10-05T07:41:07,0.62,64.84141,-16.86268,9.343,118.41,64.74,-16.88,20.20,0.88,0.40,64.74,-16.88,20.20,0.88,0.40
2014-10-05T08:20:30,0.79,63.94760,-21.39460,7.840,39.71,63.97,-21.44,14.66,0.66,0.40,63.97,-21.44,14.66,0.71,0.40
2014-10-05T09:15:23,2.09,66.25542,-16.54930,5.497,36.67,66.26,-16.54,14.83,1.50,0.40,66.28,-16.49,5.00,1.71,0.40
2014-10-05T09:34:48,2.68,66.26028,-16.55036,5.862,34.22,66.19,-16.67,17.56,1.98,0.40,66.29,-16.53,5.00,2.21,0.40
2014-10-05T09:38:03,1.39,66.25117,-16.57013,9.239,49.93,64.68,-17.43,5.48,0.50,0.12,64.68,-17.43,5.48,1.13,0.40
2014-10-05T10:07:38,1.83,66.25742,-16.54963,6.464,35.88,66.20,-16.68,10.46,1.20,0.40,66.25,-16.58,14.72,1.59,0.40
2014-10-05T10:28:16,0.98,66.25922,-16.54449,8.093,43.65,65.70,-17.30,5.00,0.87,0.40,65.70,-17.30,5.00,1.25,0.40
2014-10-05T10:32:27,0.64,64.86013,-16.84589,10.661,39.41,64.84,-16.89,26.03,0.70,0.40,64.83,-16.87,22.31,0.86,0.40
2014-10-05T10:36:59,1.27,66.25423,-16.54387,5.201,27.94,66.18,-16.95,0.00,1.22,0.40,66.26,-16.51,12.84,1.50,0.40
2014-10-05T10:41:21,1.30,66.25017,-16.54785,7.228,44.69,66.52,-16.13,5.00,1.72,0.40,66.52,-16.13,5.00,1.87,0.40
2014-10-05T11:43:42,1.89,66.24409,-16.55910,6.459,45.34,66.26,-16.55,5.00,1.27,0.40,66.26,-16.59,9.57,1.24,0.40
2014-10-05T11:46:25,0.86,64.79179,-16.89244,6.684,38.64,64.94,-17.09,30.79,0.83,0.40,64.91,-17.01,23.67,0.91,0.40
2014-10-05T11:48:38,1.26,66.25195,-16.54793,6.287,32.92,66.35,-16.49,5.00,1.45,0.40,66.35,-16.42,11.97,1.63,0.40
2014-10-05T11:59:04,0.14,66.11699,-16.68868,9.583,34.23,66.18,-16.65,5.00,1.19,0.40,66.18,-16.65,5.00,1.26,0.40
2014-10-05T12:06:39,1.51,66.24945,-16.55280,6.668,33.05,66.25,-16.52,12.82,1.33,0.40,66.27,-16.53,5.00,1.68,0.40
2014-10-05T13:13:39,1.13,64.78532,-16.92548,12.361,27.38,64.82,-16.92,5.00,0.62,0.40,64.82,-16.90,11.97,0.92,0.40
2014-10-05T14:44:02,1.08,65.16873,-16.42203,8.210,31.35,65.17,-16.40,10.04,1.05,0.40,65.19,-16.36,5.00,1.19,0.40
2014-10-05T15:21:40,1.20,66.24522,-16.55217,5.353,41.81,66.35,-16.56,5.00,1.36,0.40,66.30,-16.54,14.20,1.46,0.40
2014-10-05T15:50:45,0.83,65.15816,-16.46552,8.946,31.93,65.16,-16.39,5.00,1.11,0.40,65.18,-16.37,5.00,1.19,0.40
2014-10-05T16:26:47,0.85,65.16780,-16.42299,8.436,53.90,64.97,-16.23,33.48,0.50,0.12,64.97,-16.23,33.48,0.50,0.40
2014-10-05T16:33:24,1.09,64.79331,-16.90695,7.474,24.97,64.81,-16.93,19.26,0.56,0.40,64.83,-16.90,11.94,0.92,0.40
2014-10-05T16:47:08,1.96,66.44199,-18.89019,7.392,45.24,66.49,-18.99,5.00,1.61,0.40,66.49,-18.99,5.00,1.72,0.40
2014-10-05T19:52:28,0.86,65.72250,-16.77279,3.171,27.39,65.72,-16.76,5.00,0.50,0.40,65.74,-16.82,13.82,0.73,0.40
2014-10-05T20:24:12,1.78,63.84698,-22.38250,5.556,88.35,63.65,-23.36,5.00,1.75,0.40,63.65,-23.36,5.00,1.75,0.40
2014-10-05T20:26:07,1.23,65.12785,-16.36117,4.978,38.28,65.13,-16.35,9.25,1.11,0.40,65.13,-16.32,5.00,1.14,0.40
2014-10-05T20:30:36,1.15,66.25540,-16.54054,6.165,46.76,66.30,-16.49,13.28,1.36,0.40,66.30,-16.49,13.28,1.39,0.40
2014-10-05T20:37:16,0.73,65.19750,-16.31078,14.295,33.38,64.93,-16.85,30.54,0.89,0.40,64.91,-16.93,34.49,1.09,0.40
2014-10-05T21:06:25,0.89,64.67635,-16.57678,0.361,32.95,64.66,-16.54,5.00,0.63,0.40,64.67,-16.54,5.00,0.95,0.40
2014-10-05T21:53:35,1.32,63.94632,-21.39060,7.245,35.81,63.94,-21.41,8.81,0.88,0.40,63.95,-21.41,10.68,0.85,0.40
2014-10-05T21:59:19,0.80,64.75901,-16.96070,12.188,43.35,64.81,-17.05,28.71,0.86,0.40,64.81,-17.05,28.71,0.89,0.40
2014-10-05T22:07:11,1.17,64.75816,-16.95698,11.634,31.76,64.90,-17.64,10.48,1.14,0.40,64.90,-17.64,10.48,1.18,0.40
2014-10-05T22:45:00,1.00,64.84143,-16.87927,12.918,38.55,65.07,-17.11,28.26,1.11,0.40,64.95,-17.03,24.20,1.01,0.40
2014-10-05T22:46:37,1.48,66.29724,-16.52237,7.514,32.29,66.28,-16.54,9.80,1.32,0.40,66.27,-16.53,13.46,1.42,0.40
2014-10-06T00:06:31,1.05,65.12428,-16.35915,4.331,37.18,65.11,-16.44,5.00,1.06,0.40,65.08,-16.47,0.00,1.26,0.40
2014-10-06T00:07:07,1.80,65.12340,-16.35963,4.230,39.58,65.14,-16.35,3.19,1.08,0.40,65.14,-16.35,3.19,1.20,0.40
2014-10-06T00:47:43,1.42,65.12416,-16.35750,4.463,30.87,65.12,-16.34,9.54,1.19,0.40,65.13,-16.33,0.00,1.24,0.40
2014-10-06T04:27:33,1.23,66.25137,-16.54160,7.723,34.90,66.25,-16.56,9.98,1.18,0.40,66.34,-16.51,5.00,1.51,0.40
2014-10-06T05:18:43,1.15,66.24702,-16.55391,5.490,37.15,66.34,-16.57,5.00,1.30,0.40,66.34,-16.57,5.00,1.34,0.40
2014-10-06T05:36:37,2.70,63.66899,-19.17171,1.282,30.79,63.66,-19.18,10.39,1.44,0.40,63.68,-19.20,2.48,1.72,0.40
2014-10-06T05:39:51,1.48,63.66508,-19.16949,0.135,39.38,63.63,-19.14,5.00,1.12,0.40,63.57,-19.10,25.48,1.25,0.40
2014-10-06T05:48:14,1.75,63.64187,-19.11503,5.234,31.39,63.63,-19.13,5.00,1.06,0.40,63.62,-19.19,15.21,1.33,0.40
2014-10-06T08:10:02,1.57,63.93735,-21.37625,5.703,32.37,63.94,-21.37,14.57,1.11,0.40,63.94,-21.40,5.44,0.90,0.40
2014-10-06T08:25:56,1.03,65.47780,-16.61428,8.308,45.44,65.38,-16.65,8.02,1.16,0.40,65.38,-16.65,8.02,1.19,0.40
2014-10-06T12:22:56,0.74,64.79245,-16.86439,10.943,41.06,64.92,-17.02,21.22,1.12,0.40,64.92,-17.02,21.22,1.16,0.40
2014-10-06T12:26:16,0.73,64.78860,-16.88595,12.357,36.90,64.87,-16.56,5.00,0.70,0.40,64.87,-16.56,5.00,0.81,0.40
2014-10-06T13:42:13,1.68,66.25986,-16.44567,6.665,37.10,66.29,-16.34,5.00,1.39,0.40,65.96,-17.30,17.80,0.96,0.40
2014-10-06T13:53:20,1.30,66.21200,-18.25397,9.078,45.68,66.18,-18.08,5.00,0.89,0.40,66.18,-18.08,5.00,0.92,0.40
2014-10-06T15:36:09,1.61,64.79689,-16.90153,7.962,32.22,64.86,-16.95,19.63,1.02,0.40,64.83,-16.87,5.00,1.27,0.40
2014-10-06T16:12:17,1.98,63.85732,-22.43294,3.671,36.73,63.86,-22.43,6.52,0.84,0.40,63.85,-22.44,13.60,1.19,0.40
2014-10-06T19:08:13,1.25,63.96467,-21.30928,5.336,55.23,63.96,-21.31,14.37,0.50,0.12,63.96,-21.31,14.37,0.70,0.40
2014-10-06T19:11:04,1.01,63.96340,-21.30989,5.250,48.84,63.96,-21.31,15.73,0.58,0.40,63.96,-21.30,15.51,0.60,0.40
2014-10-06T20:38:56,0.99,63.95903,-21.29489,5.425,67.84,63.96,-21.28,17.00,0.87,0.40,63.96,-21.28,16.79,0.71,0.40
2014-10-06T20:54:52,1.05,63.95899,-21.29430,5.515,72.06,63.96,-21.28,16.20,0.65,0.40,63.96,-21.28,16.20,0.65,0.40
2014-10-06T22:18:30,1.34,63.95552,-21.30330,5.787,32.22,63.96,-21.30,15.98,0.59,0.40,63.96,-21.29,8.02,0.85,0.40
2014-10-06T22:34:12,1.49,63.95496,-21.30266,5.676,39.50,63.96,-21.30,10.49,0.91,0.40,63.95,-21.29,5.00,0.98,0.40
2014-10-06T22:37:54,1.21,63.95857,-21.29420,5.441,39.05,63.96,-21.30,15.52,0.60,0.40,63.96,-21.30,15.52,0.68,0.40
2014-10-06T23:57:26,0.91,63.95134,-21.31860,9.505,108.10,63.96,-21.28,17.14,0.66,0.40,63.96,-21.28,17.14,0.66,0.40
2014-10-07T00:37:31,1.53,64.81152,-16.90220,7.111,29.83,64.97,-16.63,0.00,1.56,0.40,64.70,-17.40,0.80,2.17,0.40
2014-10-07T01:04:53,1.10,63.93456,-21.67501,5.846,35.17,63.91,-21.91,23.42,0.98,0.40,63.91,-21.91,23.42,1.03,0.40
2014-10-07T02:53:23,1.73,64.74398,-16.93453,8.680,57.38,64.63,-17.24,5.00,1.60,0.40,64.63,-17.24,5.00,1.62,0.40
2014-10-07T07:19:20,1.08,64.79206,-16.90047,7.963,40.08,64.81,-17.00,28.35,0.95,0.40,64.81,-17.00,28.35,1.02,0.40
2014-10-07T07:28:27,1.39,63.84005,-20.02942,10.654,31.24,63.83,-20.05,6.62,0.95,0.40,63.83,-20.05,6.62,1.05,0.40
2014-10-07T13:04:35,2.07,63.87004,-22.42545,4.084,44.06,63.86,-22.39,6.20,1.11,0.40,63.89,-22.41,5.00,1.24,0.40
2014-10-07T13:09:43,1.91,63.87418,-22.41828,3.566,72.15,63.86,-22.40,4.35,0.50,0.12,63.86,-22.40,4.35,1.09,0.40
2014-10-07T14:49:13,1.29,66.26009,-16.58788,7.330,49.46,66.45,-16.36,5.00,1.62,0.40,66.45,-16.36,5.00,1.66,0.40
2014-10-07T15:42:12,1.15,66.26215,-16.53654,7.243,112.16,66.27,-16.52,10.96,1.26,0.40,66.25,-16.55,10.16,1.30,0.40
2014-10-07T16:04:28,0.92,64.69801,-16.99512,4.908,39.08,64.72,-16.97,20.50,0.89,0.40,64.72,-16.97,20.50,0.90,0.40
2014-10-07T16:23:29,0.54,64.81661,-16.88738,9.713,46.34,64.70,-17.47,5.00,1.63,0.40,64.70,-17.47,5.00,1.63,0.40
2014-10-07T16:46:45,0.72,64.84027,-16.85755,11.031,37.65,64.91,-16.87,6.49,0.91,0.40,64.92,-16.85,5.00,1.05,0.40
2014-10-07T17:50:21,0.53,64.78416,-16.91067,7.674,53.70,64.53,-16.85,0.00,1.25,0.40,64.53,-16.85,0.00,1.28,0.40
2014-10-07T17:54:19,0.69,64.79177,-16.90368,6.612,46.93,64.91,-16.96,0.00,0.98,0.40,64.91,-16.96,0.00,1.03,0.40
2014-10-07T18:20:39,1.70,67.20281,-18.95444,0.135,44.06,64.93,-16.84,10.13,1.11,0.40,64.93,-16.84,10.13,1.09,0.40
2014-10-07T19:24:17,1.26,64.80309,-16.90006,7.219,43.14,64.84,-16.88,7.49,1.07,0.40,64.84,-16.88,7.49,1.09,0.40
2014-10-07T19:28:09,1.35,66.25836,-16.59484,6.527,44.85,66.25,-16.58,14.76,1.13,0.40,66.28,-16.59,11.10,1.34,0.40
2014-10-07T19:40:49,2.70,67.39030,-18.61553,7.745,64.75,67.50,-18.62,5.00,2.04,0.40,66.87,-17.61,5.00,1.70,0.40
2014-10-07T20:39:16,0.94,64.83549,-16.86428,7.767,79.12,64.90,-16.91,11.65,0.98,0.40,64.91,-16.90,16.08,1.06,0.40
2014-10-07T21:07:12,1.24,66.25616,-16.55217,5.087,44.70,66.25,-16.53,11.80,1.29,0.40,66.25,-16.53,11.80,1.36,0.40
2014-10-07T21:08:30,1.10,66.25544,-16.54407,6.507,41.62,66.27,-16.55,5.00,1.37,0.40,66.27,-16.55,5.00,1.40,0.40
2014-10-07T22:00:35,0.84,65.14603,-16.29712,7.730,472.71,65.14,-16.29,10.32,1.01,0.40,65.14,-16.29,10.32,1.01,0.40
2014-10-07T22:23:11,1.31,63.84441,-22.65609,6.967,56.26,63.85,-22.67,14.14,0.98,0.40,63.85,-22.67,14.14,1.01,0.40
2014-10-07T22:43:27,0.95,66.23951,-18.35982,9.334,36.28,66.16,-18.70,5.00,0.78,0.40,66.26,-18.78,5.00,1.05,0.40
2014-10-07T23:31:41,1.51,64.05297,-21.14538,2.494,97.53,64.05,-21.17,2.64,0.72,0.40,64.05,-21.16,6.82,0.87,0.40
2014-10-07T23:39:54,0.18,63.97371,-20.69506,6.135,65.48,63.91,-20.83,36.41,0.50,0.40,63.91,-20.83,36.41,0.50,0.40
2014-10-08T01:57:51,0.55,63.64135,-19.32634,0.135,39.71,63.64,-19.38,5.00,0.68,0.40,63.64,-19.38,5.00,0.76,0.40
2014-10-08T03:30:31,0.92,64.79440,-16.90018,6.427,31.43,64.81,-17.04,31.24,0.52,0.40,64.81,-17.01,28.82,0.79,0.40
2014-10-08T06:43:13,1.87,63.75306,-23.10185,10.723,37.03,63.84,-22.76,12.91,0.62,0.40,63.77,-22.60,7.68,0.91,0.40
2014-10-08T06:57:27,1.03,65.11830,-16.37762,10.983,36.65,65.15,-16.29,5.00,0.92,0.40,65.15,-16.29,5.00,0.96,0.40
2014-10-08T10:29:18,1.15,66.26164,-16.52775,8.448,33.98,66.26,-16.51,12.03,0.84,0.40,66.26,-16.52,15.16,1.09,0.40
2014-10-08T12:37:26,0.44,64.78681,-16.90024,5.888,131.97,64.70,-16.87,14.13,0.92,0.40,64.70,-16.87,14.13,0.88,0.40
2014-10-08T20:29:20,0.41,63.91314,-22.09006,1.001,39.51,63.87,-21.97,5.00,0.50,0.40,63.87,-21.97,5.00,0.50,0.40
2014-10-08T21:17:59,1.12,64.75353,-16.93748,6.578,29.85,64.75,-16.94,11.64,0.61,0.40,64.78,-16.93,0.00,0.81,0.40
2014-10-09T00:46:23,0.95,63.84916,-22.71901,1.534,28.17,64.61,-17.48,8.83,1.46,0.40,64.62,-17.44,5.00,1.63,0.40
2014-10-09T00:50:24,1.29,63.81199,-22.77663,6.386,32.16,63.80,-22.70,11.80,0.50,0.40,63.80,-22.70,11.80,0.52,0.40
2014-10-09T01:04:15,1.52,63.80725,-22.79498,6.569,32.81,63.70,-22.96,12.73,1.02,0.40,63.80,-22.80,15.10,0.95,0.40
2014-10-09T01:17:18,1.32,64.79070,-16.90544,6.345,35.53,64.46,-16.99,5.00,0.95,0.40,64.46,-16.99,5.00,0.97,0.40
2014-10-09T03:50:21,0.78,63.77586,-22.71898,3.917,147.77,63.73,-22.64,5.00,0.74,0.40,63.73,-22.64,5.00,0.74,0.40
2014-10-09T05:53:44,0.88,63.88289,-22.33452,7.298,37.31,63.87,-22.33,12.30,0.50,0.40,63.87,-22.33,12.30,0.50,0.40
2014-10-09T06:24:39,1.69,63.64798,-19.06003,0.075,29.92,63.64,-19.06,10.30,0.50,0.40,63.64,-19.05,9.44,0.77,0.40
2014-10-09T06:54:59,0.87,66.25654,-16.59088,6.875,33.80,66.26,-16.59,8.49,1.00,0.40,66.26,-16.59,8.49,1.09,0.40
2014-10-09T08:29:17,1.07,66.21755,-18.24422,8.342,61.09,66.10,-18.16,5.00,0.69,0.40,66.10,-18.16,5.00,0.75,0.40
2014-10-09T09:55:06,1.87,64.78471,-16.90155,7.341,31.55,64.78,-16.90,12.71,0.79,0.40,64.78,-16.90,7.04,1.38,0.40
2014-10-09T10:07:29,1.99,66.43346,-19.37823,5.544,39.01,66.08,-18.33,5.00,0.96,0.40,66.08,-18.33,5.00,1.06,0.40
2014-10-09T13:45:38,0.82,65.23697,-16.39066,4.966,40.85,65.27,-16.30,0.00,1.16,0.40,65.27,-16.30,0.00,1.17,0.40
2014-10-09T13:48:56,1.05,65.23840,-16.37955,5.445,37.38,65.27,-16.40,5.00,1.12,0.40,65.27,-16.40,5.00,1.18,0.40
2014-10-09T13:53:28,1.33,65.23882,-16.37976,5.575,41.44,65.26,-16.40,5.00,0.91,0.40,65.26,-16.40,5.00,0.93,0.40
2014-10-09T14:14:44,1.05,65.23847,-16.38132,4.599,40.42,65.37,-16.60,5.00,0.90,0.40,65.37,-16.60,5.00,0.96,0.40
2014-10-09T14:27:24,1.63,65.23945,-16.36511,5.033,32.10,65.23,-16.35,15.32,0.98,0.40,65.30,-16.40,5.00,1.27,0.40
2014-10-09T15:07:54,2.49,65.18786,-16.27280,2.779,34.79,65.18,-16.25,13.49,1.26,0.40,65.20,-16.26,5.00,1.56,0.40
2014-10-18T19:41:08,2.74,64.86491,-19.64307,5.284,57.28,64.87,-19.55,5.00,1.77,0.40,64.86,-19.69,5.00,1.76,0.40
2014-10-18T22:47:01,2.20,66.27629,-16.70685,6.426,35.91,66.37,-16.58,5.00,1.50,0.40,66.30,-16.71,5.00,1.64,0.40
2014-10-18T23:03:27,0.76,65.86305,-16.98471,4.446,55.08,64.46,-19.15,5.00,2.71,0.40,64.46,-19.15,5.00,3.81,0.40
2014-10-18T23:53:41,1.40,66.25050,-16.54711,6.690,63.54,66.40,-16.44,5.00,1.56,0.40,66.40,-16.44,5.00,1.59,0.40
2014-10-19T00:28:04,1.38,64.85709,-16.87633,9.790,25.81,64.87,-16.88,17.26,0.86,0.40,64.83,-16.85,13.60,1.12,0.40
2014-10-19T04:52:35,0.92,63.61120,-19.36962,18.715,41.29,63.64,-19.30,5.00,0.97,0.40,63.64,-19.30,5.00,1.00,0.40
2014-10-19T08:54:54,1.22,63.80070,-22.79167,6.735,48.65,63.60,-23.18,10.48,1.31,0.40,63.60,-23.18,10.48,1.34,0.40
2014-10-19T08:57:51,1.14,64.41505,-17.04284,0.144,33.31,64.69,-17.42,0.00,1.03,0.40,64.64,-17.34,0.00,1.17,0.40
2014-10-19T08:59:42,1.29,63.80498,-22.77968,7.173,40.84,63.57,-23.24,10.53,1.15,0.40,63.60,-23.19,10.69,1.31,0.40
2014-10-19T09:06:44,1.61,63.79993,-22.79572,7.016,36.27,63.80,-22.79,13.60,0.99,0.40,63.78,-22.85,13.83,1.15,0.40
2014-10-19T09:22:26,1.36,66.25327,-16.54983,5.128,39.10,66.09,-16.92,18.71,0.93,0.40,66.09,-16.92,18.71,1.00,0.40
2014-10-19T10:33:33,1.02,63.79538,-22.68835,5.612,46.01,63.50,-23.06,5.00,1.23,0.40,63.50,-23.06,5.00,1.35,0.40
2014-10-19T11:05:50,1.56,66.28152,-16.70029,6.846,43.82,66.48,-16.52,3.69,1.60,0.40,66.48,-16.52,3.69,1.69,0.40
2014-10-19T11:20:15,1.25,64.82231,-16.90794,8.157,36.45,64.40,-16.83,10.10,1.19,0.40,64.86,-16.96,8.47,1.02,0.40
2014-10-19T16:26:53,1.22,66.23660,-16.97376,3.575,35.77,66.09,-16.65,5.00,0.84,0.40,66.09,-16.65,5.00,0.91,0.40
2014-10-19T22:29:12,0.82,65.12910,-16.36176,7.225,32.25,65.13,-16.33,11.93,1.13,0.40,65.13,-16.33,11.93,1.20,0.40
2014-10-19T22:59:29,1.17,64.80750,-16.94655,8.276,29.79,64.80,-16.96,17.45,0.90,0.40,64.80,-16.92,9.95,1.14,0.40
2014-10-19T23:35:53,1.32,66.25855,-16.98383,4.737,31.67,66.27,-16.97,5.00,1.18,0.40,66.57,-17.27,5.00,1.73,0.40
2014-10-20T01:18:55,1.61,64.83118,-16.89819,8.697,30.07,64.84,-16.89,11.26,1.32,0.40,64.83,-16.89,9.00,1.45,0.40
2014-10-20T01:47:43,0.88,64.66803,-17.05518,7.559,38.38,64.65,-17.97,42.82,1.27,0.40,64.71,-17.10,17.69,1.01,0.40
2014-10-20T01:53:29,1.05,64.82543,-16.90635,9.441,34.06,64.83,-16.91,16.83,1.08,0.40,64.83,-16.91,16.83,1.18,0.40
2014-10-20T03:24:38,1.04,64.79998,-16.90415,8.241,33.82,64.93,-17.02,23.70,1.18,0.40,64.99,-17.04,7.28,1.44,0.40
2014-10-20T03:29:31,1.43,66.26634,-16.71403,6.823,34.59,66.30,-16.68,13.23,1.40,0.40,66.27,-16.69,14.93,1.42,0.40
2014-10-20T04:58:29,1.12,64.68510,-17.03220,11.692,38.28,64.66,-16.93,16.54,0.99,0.40,64.28,-16.69,5.00,1.28,0.40
2014-10-20T05:59:06,2.17,66.28139,-16.69983,7.213,45.44,66.33,-16.66,14.28,1.38,0.40,66.33,-16.64,5.00,1.90,0.40
2014-10-20T09:28:42,1.48,63.86660,-22.53365,4.069,36.93,63.76,-22.42,6.17,0.95,0.40,63.76,-22.42,6.17,0.97,0.40
2014-10-20T10:30:18,1.27,63.99245,-19.69463,1.242,34.72,64.00,-19.69,7.58,0.85,0.40,64.00,-19.69,7.58,0.86,0.40
2014-10-20T13:04:44,0.67,64.89137,-16.82382,9.949,37.84,64.62,-16.86,26.70,1.17,0.40,64.62,-16.86,26.70,1.25,0.40
2014-10-20T14:18:41,0.80,65.13477,-16.51387,7.473,43.28,65.34,-17.43,15.01,1.75,0.12,65.34,-17.43,15.01,1.78,0.12
2014-10-20T14:26:27,1.02,64.84055,-16.88672,11.307,44.63,64.82,-16.87,14.85,1.16,0.40,64.82,-16.87,14.85,1.19,0.40
2014-10-20T15:05:57,0.56,64.81866,-16.87394,5.348,36.71,64.79,-17.02,5.00,0.93,0.40,64.79,-17.02,5.00,1.00,0.40
2014-10-20T19:12:56,1.72,63.63921,-19.18064,1.815,29.16,63.63,-19.23,5.00,0.97,0.40,63.62,-19.22,9.79,1.30,0.40
2014-10-20T19:38:17,1.04,64.83334,-16.88166,13.455,57.91,64.87,-16.85,1.49,1.30,0.40,64.87,-16.85,1.49,1.31,0.40
2014-10-20T20:58:29,1.17,63.93073,-22.02703,6.958,38.76,63.94,-22.04,10.67,0.63,0.40,63.94,-22.04,10.67,0.65,0.40
2014-10-20T21:02:41,1.41,63.92984,-22.04612,8.762,33.13,63.94,-22.06,10.33,0.50,0.40,63.93,-22.05,10.62,0.50,0.40
2014-10-20T22:26:08,1.01,64.79859,-16.91966,8.575,41.60,64.80,-16.93,15.80,1.17,0.40,64.80,-16.93,15.80,1.21,0.40
2014-10-20T23:31:33,1.37,64.86996,-16.86082,5.716,34.84,64.84,-16.86,14.74,1.15,0.40,64.84,-16.86,14.74,1.19,0.40
2014-10-21T00:20:55,1.15,65.14142,-16.30108,6.286,39.56,65.14,-16.30,11.88,1.22,0.40,65.14,-16.30,11.88,1.24,0.40
2014-10-21T00:25:04,1.79,66.23910,-16.57127,2.222,44.50,66.24,-16.58,16.61,1.51,0.40,66.24,-16.58,16.61,1.55,0.40
2014-10-21T00:50:48,0.90,64.84560,-16.86437,8.737,132.71,65.00,-17.37,34.44,1.79,0.40,65.00,-17.37,34.44,1.86,0.40
2014-10-21T02:02:16,0.91,64.87021,-16.84215,12.375,30.97,64.82,-16.86,13.95,0.97,0.40,64.82,-16.86,13.95,1.05,0.40
2014-10-21T02:07:37,1.05,63.63922,-19.28519,10.102,39.60,63.36,-19.34,39.07,1.00,0.40,63.36,-19.34,39.07,1.02,0.40
2014-10-21T06:00:34,0.80,64.84942,-16.85325,7.308,35.08,64.80,-16.54,16.08,0.81,0.40,64.67,-17.02,26.58,1.07,0.40
2014-10-21T07:06:34,1.10,64.82594,-16.90887,9.522,27.88,64.83,-16.92,20.14,0.70,0.40,64.83,-16.92,17.90,1.06,0.40
2014-10-21T07:59:30,1.26,65.14713,-16.31256,8.673,43.43,65.09,-16.40,32.19,1.07,0.40,65.09,-16.40,32.19,1.14,0.40
2014-10-21T11:43:43,0.68,64.79243,-16.90827,7.378,40.25,64.55,-16.95,5.00,0.93,0.40,64.55,-16.95,5.00,0.99,0.40
2014-10-21T12:24:28,1.13,65.11755,-16.38080,7.961,42.08,65.16,-16.33,0.00,1.12,0.40,65.16,-16.33,0.00,1.21,0.40
2014-10-21T12:50:03,0.70,64.85968,-16.84789,7.277,41.50,64.56,-17.01,21.70,1.02,0.40,64.55,-17.02,25.96,1.08,0.40
2014-10-21T14:24:14,0.93,64.86953,-16.85574,9.604,42.59,64.80,-16.87,34.12,1.02,0.40,64.82,-16.88,24.74,1.03,0.40
2014-10-21T14:31:09,0.86,64.79515,-16.90753,7.580,35.08,64.79,-16.90,12.04,0.95,0.40,64.79,-16.90,12.04,0.99,0.40
2014-10-21T14:57:06,0.69,64.80667,-16.90340,6.423,36.44,64.80,-16.90,13.84,0.93,0.40,64.80,-16.90,13.84,0.97,0.40
2014-10-21T16:05:27,0.86,64.85185,-16.85482,8.031,59.48,64.85,-16.85,13.45,1.20,0.40,64.85,-16.85,13.45,1.20,0.40
2014-10-21T17:51:30,0.93,64.82801,-16.91056,14.351,46.12,64.56,-17.00,21.74,1.48,0.40,64.56,-17.00,21.74,1.50,0.40
2014-10-21T17:52:33,1.21,66.18850,-17.87630,10.183,41.73,65.91,-18.00,0.00,1.12,0.40,65.91,-18.00,0.00,1.20,0.40
2014-10-21T19:12:17,1.01,65.14838,-16.39259,9.284,37.74,65.15,-16.39,12.23,1.16,0.40,65.15,-16.39,12.23,1.28,0.40
2014-10-21T21:22:04,0.87,64.84862,-16.87356,13.901,37.63,64.81,-16.85,14.97,1.38,0.40,64.81,-16.85,14.97,1.42,0.40
2014-10-22T00:14:35,0.91,65.14223,-16.31065,9.885,30.17,64.66,-17.32,30.66,1.51,0.40,64.67,-17.37,25.00,1.46,0.40
2014-10-22T00:18:51,0.66,65.14355,-16.30297,8.647,42.05,64.65,-17.33,5.00,1.39,0.40,64.93,-16.46,5.00,1.06,0.40
2014-10-22T01:05:34,1.47,66.47000,-17.33436,10.172,34.51,64.82,-17.90,0.00,1.52,0.40,64.73,-17.78,5.00,1.81,0.40
2014-10-22T01:18:13,1.20,65.14871,-16.29960,4.031,32.80,65.12,-16.34,17.54,1.15,0.40,65.13,-16.33,14.70,1.27,0.40
2014-10-22T02:01:13,0.88,64.86346,-16.84076,8.873,32.22,64.87,-16.83,0.00,1.21,0.40,64.91,-16.82,0.00,1.36,0.40
2014-10-22T02:04:16,1.71,65.14603,-16.30214,5.202,34.74,65.16,-16.29,5.00,1.40,0.40,65.16,-16.29,5.00,1.39,0.40
2014-10-22T02:10:10,0.83,64.80092,-16.90499,7.747,41.07,64.92,-17.00,18.00,1.40,0.40,64.92,-17.00,18.00,1.42,0.40
2014-10-22T04:07:55,1.49,66.25788,-16.66957,6.808,32.94,65.98,-17.49,0.00,1.19,0.40,65.98,-17.49,0.00,1.24,0.40
2014-10-22T04:50:01,1.21,65.15060,-16.30737,5.057,34.69,65.14,-16.28,5.00,1.24,0.40,65.14,-16.29,5.83,1.28,0.40
2014-10-22T06:09:12,0.78,64.71981,-16.95942,8.069,30.93,64.82,-17.00,26.24,1.20,0.40,64.78,-17.15,26.86,1.44,0.40
2014-10-22T06:10:12,0.91,65.15940,-16.29411,4.276,39.69,65.16,-16.29,5.00,1.31,0.40,65.18,-16.23,5.00,1.43,0.40
2014-10-22T06:34:10,0.71,65.14687,-16.31158,8.417,41.16,65.36,-16.41,5.00,1.89,0.40,65.36,-16.41,5.00,1.98,0.40
2014-10-22T06:44:29,1.44,65.14990,-16.29829,4.453,30.40,65.15,-16.27,7.72,1.34,0.40,65.16,-16.27,6.49,1.60,0.40
2014-10-22T07:10:12,0.74,64.79395,-16.91186,8.458,47.44,64.79,-16.91,13.94,1.25,0.40,64.79,-16.91,13.94,1.30,0.40
2014-10-22T07:27:21,0.93,65.14653,-16.29611,3.454,33.54,65.19,-16.21,5.00,1.43,0.40,65.18,-16.21,5.00,1.54,0.40
2014-10-22T07:38:41,0.97,64.81759,-16.89936,9.366,54.83,64.83,-16.91,17.13,1.43,0.40,64.83,-16.91,16.59,1.49,0.40
2014-10-22T10:07:36,1.35,64.86496,-16.84870,12.408,29.97,64.87,-16.85,16.23,1.57,0.40,64.60,-16.97,23.38,1.80,0.40
2014-10-22T10:39:38,1.20,65.14893,-16.31037,4.971,36.20,65.15,-16.31,11.89,1.35,0.40,65.15,-16.30,0.00,1.40,0.40
2014-10-22T11:17:08,0.74,64.82999,-16.88089,7.389,34.36,64.60,-16.76,8.22,1.61,0.40,64.60,-16.76,8.22,1.66,0.40
2014-10-22T11:43:18,0.95,64.82905,-16.88292,7.805,57.24,64.80,-16.88,14.46,1.72,0.40,64.80,-16.88,14.46,1.53,0.40
2014-10-22T15:17:06,0.73,65.14317,-16.29703,4.710,34.89,64.95,-16.76,27.09,1.32,0.40,65.38,-16.98,44.81,1.93,0.40
2014-10-22T16:31:57,0.81,65.14510,-16.31403,10.813,40.79,65.15,-16.30,11.89,1.33,0.40,65.15,-16.30,11.89,1.34,0.40
2014-10-22T17:26:34,1.17,65.14868,-16.29753,4.223,34.34,65.14,-16.34,2.55,1.53,0.40,65.14,-16.34,2.55,1.60,0.40
2014-10-22T17:32:48,0.92,64.79776,-16.89894,5.719,39.61,65.41,-16.97,5.00,2.53,0.40,64.91,-16.97,17.67,1.68,0.40
2014-10-22T17:34:04,0.94,64.79995,-16.89988,6.601,41.64,64.88,-17.02,25.74,1.36,0.40,64.88,-17.01,24.12,1.55,0.40
2014-10-22T17:35:32,0.91,64.82364,-16.88787,7.505,34.07,64.57,-17.71,5.00,1.68,0.40,64.82,-16.87,10.08,1.63,0.40
2014-10-22T17:49:13,0.86,65.14828,-16.30756,3.810,46.04,64.94,-16.63,84.76,1.49,0.40,64.94,-16.63,84.76,1.57,0.40
2014-10-22T18:27:43,1.28,65.15222,-16.29901,3.625,41.15,65.16,-16.24,0.00,1.74,0.40,64.38,-17.82,5.00,2.35,0.40
2014-10-22T18:45:15,0.49,63.98244,-21.40512,11.499,35.43,64.56,-17.10,5.00,1.34,0.40,64.56,-17.10,5.00,1.46,0.40
2014-10-22T18:48:45,2.03,65.14977,-16.29777,4.096,33.34,65.16,-16.30,10.93,1.50,0.40,65.15,-16.29,7.12,1.97,0.40
2014-10-22T19:14:24,0.91,64.76046,-16.96086,10.209,75.19,64.74,-16.97,18.05,1.10,0.40,64.74,-16.97,18.05,1.67,0.40
2014-10-22T20:22:16,0.86,65.15150,-16.30510,5.220,45.82,65.15,-16.30,12.42,1.43,0.40,65.15,-16.30,12.42,1.45,0.40
2014-10-22T21:22:39,1.05,64.80190,-16.90328,8.730,41.47,64.79,-16.90,12.88,1.56,0.40,64.79,-16.90,12.88,1.63,0.40
2014-10-22T21:55:03,2.43,65.14964,-16.30470,6.744,107.21,65.14,-16.30,12.30,2.22,0.40,65.16,-16.32,1.58,2.05,0.40
2014-10-22T22:11:33,0.67,65.15363,-16.30764,7.514,38.84,64.86,-16.82,0.00,1.72,0.40,64.86,-16.82,0.00,1.72,0.40
2014-10-22T22:12:06,0.74,65.14799,-16.30828,9.070,64.02,65.03,-16.06,0.00,0.71,0.40,65.03,-16.06,0.00,1.30,0.40
2014-10-22T22:18:08,0.99,65.14653,-16.31134,7.468,32.35,65.11,-16.28,5.00,1.25,0.40,65.14,-16.29,5.00,1.36,0.40
2014-10-22T22:31:36,1.21,65.14462,-16.31339,8.115,85.69,65.15,-16.31,12.24,1.06,0.40,65.15,-16.31,12.24,1.39,0.40
2014-10-22T22:47:14,0.66,65.14449,-16.30619,3.930,41.82,65.14,-16.30,13.50,1.53,0.40,65.14,-16.30,13.50,1.54,0.40
2014-10-22T23:08:04,1.53,65.14650,-16.31418,7.848,30.66,65.15,-16.31,11.98,1.43,0.40,65.15,-16.30,7.34,1.51,0.40
2014-10-22T23:19:30,0.98,65.14577,-16.30099,3.293,39.12,65.13,-16.33,22.89,1.44,0.40,65.13,-16.33,22.89,1.48,0.40
2014-10-23T00:03:58,1.04,64.70976,-17.01253,9.822,42.71,64.73,-17.19,26.63,1.70,0.40,64.73,-17.19,26.63,1.68,0.40
2014-10-23T00:23:10,1.13,65.14433,-16.31470,7.320,32.26,65.15,-16.31,12.10,1.29,0.40,65.15,-16.31,11.81,1.41,0.40
2014-10-23T01:11:11,0.78,64.28819,-17.50436,6.435,70.45,64.09,-16.51,14.60,1.90,0.40,64.09,-16.51,14.60,1.90,0.40
2014-10-23T01:26:49,0.94,64.83095,-16.90493,6.246,30.98,64.76,-16.89,0.00,1.80,0.40,64.73,-17.44,5.00,1.71,0.40
2014-10-23T01:54:12,0.98,65.15060,-16.30874,8.561,33.87,65.15,-16.31,11.76,1.29,0.40,65.08,-16.34,12.66,1.31,0.40
2014-10-23T02:05:42,1.14,66.42212,-17.18610,6.731,35.23,66.27,-17.04,5.00,1.21,0.40,66.27,-17.04,5.00,1.42,0.40
2014-10-23T02:11:25,0.81,65.12679,-16.34044,13.264,38.10,65.02,-16.68,5.00,1.18,0.40,65.02,-16.68,5.00,1.21,0.40
2014-10-23T05:17:53,0.87,64.81921,-16.89367,9.498,33.19,64.99,-17.03,1.31,1.70,0.40,64.97,-17.02,5.24,1.74,0.40
2014-10-23T05:55:00,1.00,64.79768,-16.89514,7.891,30.11,64.90,-17.11,18.70,1.53,0.40,64.89,-16.97,17.44,1.66,0.40
2014-10-23T06:13:26,0.87,65.14369,-16.32032,8.382,36.81,65.14,-16.31,11.80,1.36,0.40,65.15,-16.32,11.89,1.62,0.40
2014-10-23T06:26:44,1.83,65.14724,-16.31374,4.820,34.46,65.16,-16.25,11.21,2.17,0.40,65.25,-16.08,5.00,3.13,0.40
2014-10-23T06:32:25,0.68,65.14076,-16.30908,8.690,34.52,65.15,-16.56,5.00,1.40,0.40,65.15,-16.56,5.00,1.48,0.40
2014-10-23T06:32:25,0.68,65.14076,-16.30908,8.690,33.25,64.74,-17.53,7.08,1.79,0.40,62.96,-19.42,5.00,1.86,0.40
2014-10-23T07:06:07,0.87,65.14337,-16.31522,8.036,32.97,65.14,-16.28,5.00,1.50,0.40,65.13,-16.26,5.87,1.56,0.40
2014-10-23T09:23:46,1.21,64.86648,-16.84513,11.899,43.21,65.20,-16.57,0.00,1.70,0.40,65.20,-16.57,0.00,1.71,0.40
2014-10-23T09:33:44,0.93,64.79501,-16.90859,11.621,36.94,64.88,-17.04,30.49,1.47,0.40,64.92,-16.90,0.00,1.64,0.40
2014-10-23T13:55:18,0.77,63.63884,-19.32548,0.071,33.46,63.64,-19.39,5.00,1.29,0.40,63.63,-19.46,0.00,1.60,0.40
2014-10-23T14:15:22,0.26,64.85812,-16.85321,4.639,30.57,64.73,-16.68,4.33,1.38,0.40,64.73,-16.64,6.12,1.51,0.40
2014-10-23T14:16:20,0.86,65.14845,-16.33718,4.535,34.29,65.14,-16.32,15.24,1.28,0.40,65.16,-16.30,0.21,1.74,0.40
2014-10-23T14:24:53,0.72,64.85282,-16.85490,11.631,51.42,64.70,-17.44,16.64,1.47,0.40,64.70,-17.44,16.64,1.49,0.40
2014-10-23T15:45:54,1.21,65.14988,-16.30301,8.609,30.73,65.13,-16.29,5.00,1.36,0.40,65.13,-16.29,5.00,1.44,0.40
2014-10-23T15:51:28,0.81,65.14908,-16.29570,5.175,56.32,64.85,-16.44,5.00,1.40,0.40,64.85,-16.44,5.00,1.42,0.40
2014-10-23T16:14:18,0.71,64.82944,-16.88777,6.156,50.15,64.76,-17.31,5.00,1.59,0.40,64.76,-17.31,5.00,1.77,0.40
2014-10-23T16:59:49,0.09,63.90857,-21.95952,6.325,40.26,65.02,-16.15,10.38,1.46,0.40,65.02,-16.15,10.38,1.42,0.40
2014-10-23T17:09:00,1.26,64.85477,-16.87014,9.464,32.19,64.85,-16.93,9.99,1.56,0.40,64.85,-16.93,9.99,1.63,0.40
2014-10-23T17:27:49,0.61,65.14079,-16.31092,10.771,42.98,64.79,-17.62,19.23,1.87,0.40,64.79,-17.62,19.23,1.92,0.40
2014-10-23T18:36:24,0.84,64.79702,-16.89515,8.523,42.98,64.77,-16.93,16.44,1.45,0.40,64.77,-16.93,16.44,1.50,0.40
2014-10-23T18:54:45,1.84,65.15150,-16.29954,7.841,43.46,65.15,-16.30,12.23,1.43,0.40,65.20,-16.26,4.61,1.92,0.40
2014-10-23T19:14:31,2.62,65.15371,-16.29870,4.629,31.08,65.15,-16.30,12.84,2.10,0.40,65.15,-16.29,5.00,2.07,0.40
2014-10-23T19:20:05,0.80,65.14797,-16.31193,7.689,38.50,64.99,-16.15,0.00,1.16,0.40,64.99,-16.15,0.00,1.16,0.40
2014-10-23T19:59:00,0.90,64.81347,-16.90207,8.484,36.70,64.94,-17.11,12.73,1.36,0.40,64.80,-16.90,0.00,1.53,0.40
2014-10-23T20:25:04,0.91,65.15281,-16.29744,5.476,73.55,64.99,-17.19,5.00,0.83,0.12,64.99,-17.19,5.00,1.59,0.40
2014-10-23T20:26:20,0.74,64.05720,-21.38681,4.179,48.73,64.69,-17.50,17.28,1.50,0.40,64.69,-17.50,17.28,1.77,0.40
2014-10-23T20:47:09,0.93,63.90047,-21.92090,8.850,44.40,63.90,-21.91,8.64,0.56,0.40,63.90,-21.91,8.64,0.61,0.40
2014-10-23T21:04:27,0.96,64.82374,-16.88779,7.624,31.05,64.82,-16.89,13.51,1.50,0.40,64.82,-16.89,14.25,1.64,0.40
2014-10-23T21:54:03,1.29,63.91830,-21.90422,4.562,51.09,63.92,-21.96,1.92,0.96,0.40,63.92,-21.96,1.92,1.00,0.40
2014-10-23T21:59:51,2.45,63.90070,-21.89960,6.978,31.87,63.90,-21.92,15.91,1.35,0.40,63.91,-21.83,0.03,1.66,0.40
2014-10-23T22:11:37,0.54,64.82262,-16.88113,11.698,73.21,65.08,-16.09,0.00,0.50,0.40,65.08,-16.09,0.00,1.64,0.40
2014-10-23T22:17:22,0.73,63.91327,-21.90223,3.486,40.88,63.76,-22.35,50.94,1.10,0.40,63.90,-21.90,11.33,0.78,0.40
2014-10-23T22:33:10,0.79,65.14839,-16.30726,7.330,40.02,65.09,-16.35,5.00,1.83,0.40,65.07,-17.88,5.00,1.71,0.40
2014-10-23T23:17:02,1.03,66.25301,-16.54915,3.991,42.14,66.29,-16.50,15.14,1.39,0.40,66.29,-16.50,15.14,1.43,0.40
2014-10-24T00:02:54,0.95,65.15215,-16.31255,8.438,42.03,65.14,-16.29,9.77,1.43,0.40,65.14,-16.31,12.57,1.28,0.40
2014-10-24T00:07:06,1.35,66.24931,-16.55168,5.834,36.78,66.26,-16.53,11.17,1.25,0.40,66.26,-16.54,10.25,1.52,0.40
2014-10-24T00:29:38,0.83,64.79751,-16.90852,6.673,38.00,64.79,-16.91,12.84,1.31,0.40,64.79,-16.91,12.84,1.34,0.40
2014-10-24T00:42:01,1.11,65.14649,-16.31086,9.274,37.53,65.14,-16.31,14.99,1.41,0.40,65.14,-16.31,14.99,1.42,0.40
2014-10-24T00:49:27,1.28,65.15084,-16.30256,7.688,29.95,65.16,-16.30,9.10,1.41,0.40,65.16,-16.30,7.93,1.39,0.40
2014-10-24T01:05:28,1.07,65.14487,-16.31393,10.839,33.84,65.02,-16.85,5.00,1.53,0.40,65.13,-16.32,18.01,1.42,0.40
2014-10-24T01:35:28,0.82,65.14511,-16.32218,6.206,42.63,64.95,-16.15,0.00,0.50,0.40,64.95,-16.15,0.00,1.24,0.40
2014-10-24T02:31:29,0.60,65.14055,-16.30632,3.740,44.36,65.70,-16.50,5.00,2.02,0.40,65.70,-16.50,5.00,2.00,0.40
2014-10-24T02:48:39,1.88,64.75649,-16.94921,11.632,29.34,64.75,-16.95,16.28,1.70,0.40,64.77,-16.92,6.89,1.85,0.40
2014-10-24T03:06:25,0.97,65.14678,-16.31593,7.342,37.54,65.52,-16.93,5.00,1.91,0.40,65.10,-16.55,16.99,1.43,0.40
2014-10-24T03:42:42,0.42,63.90762,-21.90093,4.813,127.02,64.19,-22.34,7.28,1.03,0.40,64.04,-22.32,27.23,0.87,0.40
2014-10-24T03:45:07,1.46,65.14729,-16.31580,8.075,32.33,65.15,-16.31,12.09,1.45,0.40,65.13,-16.31,10.90,1.64,0.40
2014-10-24T03:47:40,1.01,65.14937,-16.30806,9.129,36.74,65.15,-16.31,13.27,1.23,0.40,65.15,-16.31,13.27,1.33,0.40
2014-10-24T03:50:46,1.21,65.14717,-16.31406,5.242,35.19,65.13,-16.34,18.72,1.34,0.40,65.13,-16.34,18.72,1.43,0.40
2014-10-24T04:20:33,0.73,65.14715,-16.31307,7.707,44.53,64.96,-16.15,0.00,1.17,0.40,64.96,-16.15,0.00,1.26,0.40
2014-10-24T04:58:44,0.62,64.81551,-16.89516,7.920,48.06,64.34,-17.13,5.00,1.87,0.40,64.34,-17.13,5.00,1.87,0.40
2014-10-24T05:19:46,1.24,65.14707,-16.31409,6.753,41.03,65.15,-16.31,11.88,1.37,0.40,65.15,-16.31,11.88,1.42,0.40
2014-10-24T06:16:20,2.67,63.01173,-23.10275,10.005,60.68,63.47,-22.56,15.82,1.06,0.12,63.47,-22.56,15.82,1.03,0.40
2014-10-24T06:41:26,1.53,65.15135,-16.30139,6.490,43.67,65.16,-16.29,8.57,1.21,0.40,65.15,-16.29,9.23,1.37,0.40
2014-10-24T06:51:47,1.69,65.14745,-16.31494,7.702,101.76,65.15,-16.28,8.94,1.09,0.12,65.15,-16.28,8.94,1.40,0.40
2014-10-24T08:02:31,1.51,63.90011,-21.90038,7.006,37.91,63.90,-21.91,15.23,0.88,0.40,63.90,-21.90,12.28,0.93,0.40
2014-10-24T08:03:46,1.80,63.89943,-21.90190,7.554,32.87,63.90,-21.89,11.63,0.99,0.40,63.92,-21.87,4.39,1.30,0.40
2014-10-24T08:06:45,1.06,65.15030,-16.31178,4.944,37.57,65.15,-16.25,5.00,1.27,0.40,65.15,-16.25,5.00,1.27,0.40
2014-10-24T09:34:09,0.92,65.15424,-16.30338,7.588,40.87,65.11,-16.37,27.29,1.22,0.40,65.11,-16.37,27.29,1.31,0.40
2014-10-24T09:48:56,1.09,65.14835,-16.30878,10.159,35.71,65.14,-16.30,12.60,1.16,0.40,65.14,-16.31,13.83,1.23,0.40
2014-10-24T10:44:36,0.64,65.21382,-16.38153,13.829,47.07,64.77,-16.80,0.00,1.69,0.40,64.77,-16.80,0.00,1.58,0.40
2014-10-24T10:52:47,0.81,65.14747,-16.30002,5.956,44.69,64.98,-16.13,0.00,1.05,0.40,64.96,-16.43,0.00,1.01,0.40
2014-10-24T11:35:27,0.86,65.15190,-16.30436,8.254,38.66,64.89,-16.32,0.00,1.07,0.40,64.89,-16.32,0.00,1.09,0.40
2014-10-24T11:38:57,0.94,64.85298,-16.86853,13.393,42.19,64.74,-16.80,20.83,1.36,0.40,64.74,-16.80,20.83,1.36,0.40
2014-10-24T11:48:50,0.59,64.82648,-16.87602,6.142,32.74,64.62,-16.75,5.00,1.29,0.40,64.62,-16.75,5.00,1.46,0.40
2014-10-24T14:34:43,0.93,65.14852,-16.31684,10.016,34.76,65.14,-16.30,10.37,1.31,0.40,65.14,-16.32,14.28,1.30,0.40
2014-10-24T15:17:07,0.89,65.14677,-16.30785,6.846,33.72,65.16,-16.27,5.00,1.46,0.40,65.16,-16.27,5.00,1.51,0.40
2014-10-24T16:24:41,0.51,65.09101,-16.49739,6.764,48.90,64.58,-17.17,0.00,1.57,0.40,64.58,-17.17,0.00,1.60,0.40
2014-10-24T16:56:30,0.60,64.83889,-16.86950,10.606,41.78,64.83,-16.87,12.74,1.40,0.40,64.83,-16.87,12.74,1.45,0.40
2014-10-24T17:39:38,0.78,64.76743,-16.94891,7.076,85.19,64.86,-16.87,10.40,1.60,0.40,64.86,-16.87,10.40,1.44,0.40
2014-10-24T18:01:43,1.13,63.89838,-19.56753,7.975,38.31,63.89,-19.58,14.29,1.33,0.40,63.90,-19.57,14.29,1.11,0.40
2014-10-24T19:09:48,0.63,65.14890,-16.29707,7.370,37.48,64.98,-16.12,0.00,0.99,0.40,64.98,-16.12,0.00,1.10,0.40
2014-10-24T19:49:46,1.07,65.14593,-16.31008,10.163,41.80,64.77,-17.05,39.30,1.33,0.40,65.14,-16.31,11.54,1.34,0.40
2014-10-24T23:23:22,0.75,63.94452,-21.06318,7.239,39.36,63.98,-20.91,12.77,0.61,0.40,63.98,-20.91,12.77,0.64,0.40
2014-10-25T00:01:51,0.69,64.83651,-16.87314,8.287,39.17,65.71,-16.83,5.00,0.50,0.40,65.63,-17.10,33.35,0.63,0.40
2014-10-25T00:17:56,0.59,64.81906,-16.88820,7.597,41.89,64.98,-16.13,0.00,1.80,0.40,64.70,-17.37,5.00,1.69,0.40
2014-10-25T01:28:24,0.83,64.81068,-16.89928,7.916,32.13,64.81,-16.90,12.35,1.25,0.40,64.81,-16.90,14.57,1.33,0.40
2014-10-25T02:48:27,0.75,65.14960,-16.30379,9.023,39.94,65.14,-16.31,17.47,1.24,0.40,65.13,-16.32,17.66,1.26,0.40
2014-10-25T03:18:40,0.91,64.70717,-17.02215,9.057,31.79,64.79,-17.17,39.76,1.00,0.40,64.73,-16.95,7.36,1.31,0.40
2014-10-25T03:56:02,0.57,64.83932,-16.87122,8.698,36.24,64.85,-16.84,7.69,1.12,0.40,64.85,-16.84,7.69,1.34,0.40
2014-11-06T14:14:08,2.11,63.98250,-19.12629,0.936,90.54,63.98,-19.12,5.76,1.83,0.40,63.98,-19.15,5.67,1.80,0.40
2014-11-06T16:42:54,1.30,63.67015,-19.14586,0.135,29.73,63.67,-19.16,6.27,1.53,0.40,63.65,-19.27,0.00,1.76,0.40
2014-11-07T04:13:37,1.74,65.10954,-16.36766,7.644,34.68,65.03,-16.53,24.95,1.40,0.40,65.03,-16.53,24.95,1.43,0.40
2014-11-07T07:36:31,1.65,64.81257,-16.90564,10.229,37.69,64.84,-16.89,6.01,1.95,0.40,64.84,-16.89,5.00,1.95,0.40
2014-11-07T13:27:51,1.28,63.98460,-19.12233,0.885,30.20,63.92,-18.89,5.00,1.58,0.40,63.92,-18.89,5.00,1.63,0.40
2014-11-07T14:04:42,1.07,63.48187,-19.38717,9.860,37.84,63.46,-19.39,19.36,1.57,0.40,63.48,-19.38,18.98,1.50,0.40
2014-11-07T16:22:03,1.64,65.15771,-16.29413,9.904,38.21,65.12,-16.39,5.00,1.49,0.40,65.12,-16.39,5.00,1.53,0.40
2014-11-07T17:48:11,2.31,65.15800,-16.29047,7.993,34.92,65.15,-16.30,13.63,1.50,0.40,65.15,-16.30,13.63,1.58,0.40
2014-11-08T01:06:27,1.63,65.15675,-16.30370,9.825,34.79,65.19,-16.20,5.00,1.49,0.40,65.19,-16.20,5.00,1.60,0.40
2014-11-08T02:43:05,1.54,65.16370,-16.28765,2.602,31.66,65.16,-16.30,14.23,1.20,0.40,65.16,-16.30,14.30,1.42,0.40
2014-11-08T02:48:50,1.46,65.16338,-16.28027,4.302,31.95,65.16,-16.30,14.43,1.09,0.40,65.16,-16.30,13.54,1.44,0.40
2014-11-08T02:49:16,1.95,65.16203,-16.28739,6.507,35.58,65.58,-16.44,7.95,1.12,0.40,65.17,-16.32,14.93,1.85,0.40
2014-11-08T02:53:16,1.40,65.16298,-16.29373,5.215,35.97,65.11,-16.49,0.00,1.17,0.40,65.11,-16.49,0.00,1.19,0.40
2014-11-08T05:19:27,1.87,66.49728,-17.56143,12.000,35.74,66.46,-17.50,13.77,1.46,0.40,66.48,-17.62,5.00,1.82,0.40
2014-11-08T05:40:11,1.29,65.70775,-16.74027,0.135,25.78,65.70,-16.79,5.00,0.50,0.40,65.70,-16.79,5.00,0.61,0.40
2014-11-08T07:18:23,0.91,63.90358,-20.39472,10.655,31.24,63.63,-20.24,28.16,1.28,0.40,63.63,-20.24,28.16,1.46,0.40
2014-11-08T08:10:09,1.44,65.16380,-16.30009,3.176,50.18,64.84,-17.73,5.00,1.74,0.40,64.84,-17.73,5.00,1.75,0.40
2014-11-08T15:46:34,1.15,65.16216,-16.28780,8.193,49.78,65.51,-17.17,5.00,0.93,0.40,65.51,-17.17,5.00,0.99,0.40
2014-11-08T19:28:12,1.43,66.44342,-17.60826,12.235,38.97,66.25,-16.81,9.40,1.31,0.40,66.05,-16.80,21.11,1.07,0.40
2014-11-08T19:31:33,1.93,66.24986,-16.64594,5.995,36.11,66.25,-16.65,13.36,1.46,0.40,66.25,-16.65,13.36,1.54,0.40
2014-11-08T20:19:51,1.57,66.24916,-16.64370,4.369,30.76,66.25,-16.61,0.00,1.33,0.40,66.27,-16.69,5.00,1.43,0.40
2014-11-08T20:27:40,2.46,65.16418,-16.29554,4.280,37.16,65.17,-16.29,10.85,1.50,0.40,65.22,-16.31,5.00,1.92,0.40
2014-11-08T23:24:41,1.65,66.24825,-16.64774,6.107,37.77,66.25,-16.65,8.12,1.16,0.40,66.39,-16.57,5.00,1.47,0.40
2014-11-08T23:27:05,1.35,66.24752,-16.64614,4.917,45.28,66.25,-16.62,14.89,1.34,0.40,66.25,-16.62,14.89,1.38,0.40
2014-11-08T23:37:32,0.91,63.64271,-19.35582,0.135,41.58,63.64,-19.36,6.84,1.08,0.40,63.64,-19.36,6.84,1.07,0.40
2014-11-09T00:45:04,1.09,66.24887,-16.64084,4.626,33.75,66.26,-16.61,12.60,1.25,0.40,66.27,-16.62,5.00,1.33,0.40
2014-11-09T03:05:59,1.25,66.46565,-17.56458,12.833,47.26,66.59,-17.88,13.70,1.60,0.40,66.59,-17.88,13.70,1.63,0.40
2014-11-09T05:15:39,1.08,66.46806,-17.60530,12.913,30.68,66.01,-16.66,0.00,0.64,0.40,66.43,-17.69,5.00,1.48,0.40
2014-11-09T08:04:39,1.50,66.45531,-17.57179,4.688,50.13,66.51,-17.63,14.04,1.48,0.40,66.42,-17.53,13.69,1.59,0.40
2014-11-09T11:04:55,1.33,63.61750,-19.03421,5.962,36.95,63.62,-19.03,5.00,1.15,0.40,63.62,-19.08,3.61,1.46,0.40
2014-11-09T11:06:38,1.25,63.61335,-19.02811,14.076,33.02,63.62,-19.04,5.00,1.21,0.40,63.62,-19.05,5.00,1.49,0.40
2014-11-09T12:15:23,1.24,66.44537,-17.59315,9.953,31.46,66.39,-17.47,5.00,1.26,0.40,66.37,-17.43,5.00,1.31,0.40
2014-11-09T12:47:03,1.04,64.85375,-16.84729,11.938,43.77,65.06,-17.10,0.00,1.50,0.40,65.06,-17.10,0.00,1.53,0.40
2014-11-09T17:00:11,1.00,63.98928,-19.99101,7.537,35.58,63.99,-19.99,13.68,1.24,0.40,63.98,-19.99,13.44,1.28,0.40
2014-11-09T22:23:06,2.49,65.02732,-16.68691,2.019,42.35,65.18,-16.64,17.55,1.95,0.40,65.04,-16.68,5.00,1.89,0.40
2014-11-09T22:40:04,2.35,66.52203,-17.60962,16.425,39.18,66.54,-17.63,17.71,1.61,0.40,66.52,-17.62,5.00,1.78,0.40
2014-11-09T22:53:55,1.18,66.50539,-17.57528,16.403,34.62,66.25,-17.26,5.00,1.18,0.40,66.35,-17.25,5.00,1.28,0.40
2014-11-10T04:04:59,0.86,64.27277,-17.14740,10.538,42.99,64.50,-16.94,5.00,1.43,0.40,64.50,-16.94,5.00,1.45,0.40
2014-11-10T04:55:26,1.28,66.52661,-17.60995,14.922,41.72,66.51,-17.63,11.92,1.45,0.40,66.51,-17.63,11.92,1.54,0.40
2014-11-10T05:10:10,1.10,66.52753,-17.62491,11.017,55.43,66.49,-17.67,5.00,1.61,0.40,66.49,-17.67,5.00,1.62,0.40
2014-11-10T06:45:46,1.75,65.01913,-16.68478,5.290,40.37,65.19,-16.83,13.20,1.35,0.40,65.19,-16.83,13.20,1.39,0.40
2014-11-10T10:05:35,0.82,64.81320,-16.90948,12.266,49.22,64.99,-17.56,25.61,1.66,0.40,64.99,-17.56,25.61,1.68,0.40
2014-11-10T15:01:01,1.22,63.57364,-19.13129,14.673,53.70,63.60,-19.14,6.32,1.03,0.40,63.60,-19.14,6.32,1.05,0.40
2014-11-10T15:04:01,1.97,66.52095,-17.61427,16.210,36.46,66.52,-17.61,19.96,1.49,0.40,66.11,-17.00,0.90,1.20,0.40
2014-11-10T16:59:07,1.40,64.05795,-21.13809,4.490,33.70,64.08,-21.08,11.63,0.68,0.40,64.08,-21.08,11.63,0.68,0.40
2014-11-10T23:46:17,1.08,66.25998,-16.54377,7.273,38.03,66.39,-17.15,5.00,1.06,0.40,66.39,-17.15,5.00,1.07,0.40
2014-11-11T01:05:20,0.90,66.26095,-16.70708,3.323,41.39,66.49,-15.81,5.00,1.33,0.40,66.49,-15.81,5.00,1.36,0.40
2014-11-11T07:16:40,1.16,65.15532,-16.46585,10.117,40.89,65.44,-17.03,5.00,1.06,0.40,65.44,-17.03,5.00,1.07,0.40
2014-11-11T12:05:54,1.00,66.26694,-16.74968,2.228,34.94,66.26,-16.74,11.50,0.91,0.40,66.26,-16.74,11.50,0.94,0.40
2014-11-11T20:03:36,0.76,64.05012,-21.23621,4.701,36.68,64.09,-21.20,25.20,0.50,0.40,64.06,-21.20,0.00,0.58,0.40
2014-11-11T21:40:03,1.20,66.18394,-17.10001,10.700,39.27,66.12,-17.18,81.43,1.30,0.40,66.16,-17.22,66.55,1.35,0.40
2014-11-12T01:40:26,2.59,63.65197,-23.44163,5.005,37.38,63.60,-23.57,14.89,1.98,0.40,63.60,-23.57,14.89,1.99,0.40
2014-11-12T03:29:41,0.70,66.24481,-16.55299,2.217,38.89,64.65,-17.43,11.59,1.60,0.40,64.65,-17.43,11.59,1.65,0.40
2014-11-12T07:18:11,0.56,63.98297,-20.70301,4.958,33.63,64.04,-20.71,5.00,0.81,0.40,64.04,-20.71,5.00,0.83,0.40
2014-11-12T15:38:20,1.60,66.24980,-18.39573,10.326,37.21,66.25,-18.36,5.00,1.30,0.40,66.10,-18.19,5.00,1.32,0.40
2014-11-12T18:52:15,0.69,63.71046,-19.09177,0.405,39.36,63.65,-19.02,19.58,1.23,0.40,63.75,-19.09,0.00,1.38,0.40
2014-11-12T19:38:04,1.26,63.94618,-19.32974,1.803,38.57,63.93,-19.34,14.66,1.31,0.40,63.94,-19.34,13.93,1.52,0.40
2014-11-12T19:38:33,0.87,64.82948,-16.87804,8.320,44.15,64.85,-16.25,0.00,1.40,0.40,64.85,-16.25,0.00,1.40,0.40
2014-11-13T14:06:22,1.59,64.05849,-21.38471,3.692,30.90,64.01,-21.40,13.13,0.97,0.40,64.01,-21.40,13.13,1.05,0.40
2014-11-13T23:32:06,0.93,64.80954,-16.90664,12.810,40.52,64.67,-16.35,15.28,1.33,0.40,64.67,-16.35,15.28,1.37,0.40
2014-11-14T00:24:20,0.82,64.84612,-16.86577,9.786,31.38,64.43,-16.55,0.00,1.99,0.40,64.43,-16.55,0.00,2.05,0.40
2014-11-14T01:21:17,0.88,64.85207,-16.86565,8.994,43.94,64.74,-17.75,7.95,1.84,0.40,64.74,-17.75,7.95,1.84,0.40
2014-11-14T02:03:38,1.07,65.12385,-16.32997,11.647,31.64,65.14,-16.26,5.00,1.30,0.40,65.15,-16.29,0.00,1.35,0.40
2014-11-14T04:23:05,0.78,64.81325,-16.89797,12.082,38.44,64.66,-17.29,5.00,1.77,0.40,64.66,-17.29,5.00,1.79,0.40
2014-11-14T04:24:05,0.79,64.85098,-16.86097,10.336,35.36,64.72,-16.81,4.56,1.46,0.40,64.72,-16.81,4.56,1.47,0.40
2014-11-14T07:28:54,1.61,66.46359,-17.63841,16.139,43.86,66.60,-18.35,5.00,2.05,0.40,66.46,-17.66,16.18,1.80,0.40
